name,company,title,profile_url,connected_on
Rosalind Drummond,Inglenook Bakery,Platform Lead,https://www.linkedin.com/in/rosalind-drummond-1085,2024-08-13
Dana Wexford,Whitlock Staffing,SVP Digital,https://www.linkedin.com/in/dana-wexford-8841,2016-01-18
Kwame Fairweather,Pale Harbour Studio,SVP Digital,https://www.linkedin.com/in/kwame-fairweather-7908,2022-03-28
Bo Lindqvist,Bellchamber Media,Engineering Manager,https://www.linkedin.com/in/bo-lindqvist-8673,2020-03-03
Bram Crowther,Zenner Foods,Principal Architect,https://www.linkedin.com/in/bram-crowther-7180,2025-01-13
Kofi Oldfield,Bellchamber Media,Engineering Manager,https://www.linkedin.com/in/kofi-oldfield-8235,2021-10-03
Renata Oldfield,Highmoor Cycles,VP Data & Analytics,https://www.linkedin.com/in/renata-oldfield-8708,2017-04-28
Elena Balogun,Dunmowe Travel,Head of Automation,https://www.linkedin.com/in/elena-balogun-7416,2016-09-25
Imani Jarrold,Xanthe Labs,Chief Digital Officer,https://www.linkedin.com/in/imani-jarrold-8825,2018-11-15
Otto Eastcott,Zenner Foods,VP Data & Analytics,https://www.linkedin.com/in/otto-eastcott-3394,2020-07-06
·Joaquín Fairweather,Garrowby Books,Staff Engineer,https://www.linkedin.com/in/joaquin-fairweather-3953,2018-11-19
Ingrid Underhill,Rooksby Legal,VP Enterprise Architecture,,2017-04-13
Matteo Ibarra,Whitlock Staffing,Product Director,https://www.linkedin.com/in/matteo-ibarra-1105,2025-05-14
Yusuf Oldfield,Falkirk Shipping,Product Director,https://www.linkedin.com/in/yusuf-oldfield-4065,2025-12-16
Emeka Halloran,Dunmowe Travel,Director of Software Engineering,https://www.linkedin.com/in/emeka-halloran-3638,2023-05-08
Dev Prendergast,Zenner Foods,Director of IT,https://www.linkedin.com/in/dev-prendergast-2282,2025-02-06
Xiomara Zubkov,Xanthe Labs,Head of Automation,https://www.linkedin.com/in/xiomara-zubkov-7340,2019-09-18
Margot Prendergast,Vespermill Analytics,Product Director,https://www.linkedin.com/in/margot-prendergast-2226,2017-01-01
Matteo Sandoval,Rooksby Legal,VP Enterprise Architecture,https://www.linkedin.com/in/matteo-sandoval-7402,2024-08-27
Silas Merriweather,Fairbourne Fitness,Product Director,https://www.linkedin.com/in/silas-merriweather-1750,2022-06-18
Odette Bellinger,Dunmowe Travel,Head of Innovation,https://www.linkedin.com/in/odette-bellinger-4039,2018-03-28
Kwame Brenneman,Highmoor Cycles,Staff Engineer,https://www.linkedin.com/in/kwame-brenneman-4374,2025-01-31
Sunniva Hartigan,Garrowby Books,Platform Lead,https://www.linkedin.com/in/sunniva-hartigan-7152,2022-12-04
Saoirse Mkhize,Ondermark Consulting,Program Manager,https://www.linkedin.com/in/saoirse-mkhize-1232,2021-08-15
Sunniva Dobrescu,Ondermark Consulting,Director of Software Engineering,https://www.linkedin.com/in/sunniva-dobrescu-4070,2020-02-24
Teodor Zubkov,Marchford Clinics,Program Manager,https://www.linkedin.com/in/teodor-zubkov-8878,2020-12-24
Renata Dellinger,Yardley Print,VP Engineering,https://www.linkedin.com/in/renata-dellinger-8475,2023-06-25
Otto Merriweather,Highmoor Cycles,Product Director,https://www.linkedin.com/in/otto-merriweather-1646,2017-06-23
Tanvi Balogun,Yardley Print,Chief Technology Officer,https://www.linkedin.com/in/tanvi-balogun-8012,2024-01-14
Sloane Nakashima,Inglenook Bakery,Engineering Manager,https://www.linkedin.com/in/sloane-nakashima-3480,2020-05-11
Mei Bellinger,Elmsworth Tutors,Head of Platform Engineering,https://www.linkedin.com/in/mei-bellinger-7728,2022-02-22
Rhys Hartigan,Tannerly Design,Director of IT,https://www.linkedin.com/in/rhys-hartigan-8217,2018-05-08
Gideon Kettleborough,Tannerly Design,SVP Digital,https://www.linkedin.com/in/gideon-kettleborough-3208,2024-01-03
Bram Vandermolen,Highmoor Cycles,Head of Automation,https://www.linkedin.com/in/bram-vandermolen-3067,2025-03-27
Greta Oldfield,Rooksby Legal,VP Engineering,https://www.linkedin.com/in/greta-oldfield-2736,2021-03-09
Leandro Lomsadze,Corbridge Realty,Director of IT,https://www.linkedin.com/in/leandro-lomsadze-4701,2016-09-11
Odette Grimsby,Corbridge Realty,Director of IT,https://www.linkedin.com/in/odette-grimsby-3549,2025-05-17
Sabine Egerton,Xanthe Labs,Platform Lead,https://www.linkedin.com/in/sabine-egerton-5160,2023-02-03
Arjun Wexford,Yardley Print,Director of Software Engineering,https://www.linkedin.com/in/arjun-wexford-1270,2019-12-03
Idris Rushworth,Rooksby Legal,Staff Engineer,https://www.linkedin.com/in/idris-rushworth-8670,2018-09-09
Tomás Quillane,Quintrell Advisory,Head of Innovation,https://www.linkedin.com/in/tomas-quillane-3201,2023-04-04
Hugo Merriweather,Xanthe Labs,Engineering Manager,https://www.linkedin.com/in/hugo-merriweather-9783,2020-04-17
Marisol Crowther,Vespermill Analytics,Head of Automation,https://www.linkedin.com/in/marisol-crowther-8756,2016-04-21
Nadia Ibarra,Xanthe Labs,"Senior Manager, Engineering",,2016-11-29
·Joaquín Cardoso,Zenner Foods,Program Manager,https://www.linkedin.com/in/joaquin-cardoso-6591,2022-10-30
Anouk Fontaine,Xanthe Labs,Principal Architect,https://www.linkedin.com/in/anouk-fontaine-2562,2018-10-14
Owen Falkenrath,Zenner Foods,Director of IT,https://www.linkedin.com/in/owen-falkenrath-5126,2020-03-28
Zaid Crowther,Ambrose Trading,Director of IT,https://www.linkedin.com/in/zaid-crowther-3167,2018-08-30
Camille Fairweather,Calderon Aerospace,VP Engineering,https://www.linkedin.com/in/camille-fairweather-6686,2026-08-05
Saoirse Prendergast,Wrenfield Robotics,Head of Platform Engineering,https://www.linkedin.com/in/saoirse-prendergast-6252,2014-01-26
Bertrand Marchetti,Xanthe Labs,Platform Lead,https://www.linkedin.com/in/bertrand-marchetti-6887,2017-05-14
Sunniva Kettleborough,Yardley Print,Director of IT,https://www.linkedin.com/in/sunniva-kettleborough-7317,2019-04-15
Rhys Nakashima,Underwood & Vale,Engineering Manager,https://www.linkedin.com/in/rhys-nakashima-9696,2015-10-04
Renata Vasquez,Yardley Print,Head of Automation,https://www.linkedin.com/in/renata-vasquez-1262,2019-06-11
Ravi Dobrescu,Corbridge Realty,Director of Software Engineering,https://www.linkedin.com/in/ravi-dobrescu-5708,2022-12-01
Tanvi Egerton,Underwood & Vale,Principal Architect,https://www.linkedin.com/in/tanvi-egerton-1144,2025-03-15
Emeka Vandermolen,Yardley Print,Head of Developer Productivity,https://www.linkedin.com/in/emeka-vandermolen-7893,2022-02-27
Devin Zubkov,Garrowby Books,Engineering Manager,https://www.linkedin.com/in/devin-zubkov-2864,2023-07-04
Devin Thackeray,Underwood & Vale,Staff Engineer,https://www.linkedin.com/in/devin-thackeray-9804,2020-09-20
Tilda Quillane,Tannerly Design,Platform Lead,https://www.linkedin.com/in/tilda-quillane-4559,2024-09-08
Owen Eastcott,Ambrose Trading,Chief Technology Officer,https://www.linkedin.com/in/owen-eastcott-3184,2022-05-02
Tilda Vasquez,Vespermill Analytics,Chief Data Officer,https://www.linkedin.com/in/tilda-vasquez-8350,2018-10-21
Niall Hartigan,Rooksby Legal,Staff Engineer,https://www.linkedin.com/in/niall-hartigan-3334,2020-07-24
Renata Wexford,Xanthe Labs,Principal Architect,https://www.linkedin.com/in/renata-wexford-3660,2021-05-02
Emeka Sandoval,Bellchamber Media,Engineering Manager,https://www.linkedin.com/in/emeka-sandoval-9216,2024-01-19
Saoirse Vandermolen,Zenner Foods,Head of Automation,https://www.linkedin.com/in/saoirse-vandermolen-1893,2022-07-11
Hana Prendergast,Rooksby Legal,Engineering Manager,https://www.linkedin.com/in/hana-prendergast-4778,2022-07-25
Idris Prendergast,Underwood & Vale,Head of Innovation,https://www.linkedin.com/in/idris-prendergast-7913,2023-02-06
Bertrand Quillane,Tannerly Design,Engineering Manager,https://www.linkedin.com/in/bertrand-quillane-9490,2020-09-28
Freya Merriweather,Garrowby Books,Chief Information Officer,https://www.linkedin.com/in/freya-merriweather-4919,2016-08-11
Marisol Brenneman,Tannerly Design,Platform Lead,https://www.linkedin.com/in/marisol-brenneman-8915,2021-06-22
Yara Kettleborough,Whitlock Staffing,Platform Lead,https://www.linkedin.com/in/yara-kettleborough-6567,2022-08-20
Yusuf Lomsadze,Fairbourne Fitness,Head of Innovation,https://www.linkedin.com/in/yusuf-lomsadze-5409,2021-07-31
Hana Cathcart,Tannerly Design,Head of Platform Engineering,,2018-06-21
Margot Balogun,Underwood & Vale,Engineering Manager,https://www.linkedin.com/in/margot-balogun-2165,2021-01-25
Kwame Balogun,Fairbourne Fitness,Director of IT,https://www.linkedin.com/in/kwame-balogun-2627,2024-06-08
Liesel Dobrescu,Dunmowe Travel,Principal Architect,https://www.linkedin.com/in/liesel-dobrescu-7415,2015-11-21
Freya Rushworth,Dunmowe Travel,Head of Platform Engineering,https://www.linkedin.com/in/freya-rushworth-9657,2020-07-27
Perrine Fontaine,Ondermark Consulting,Principal Architect,https://www.linkedin.com/in/perrine-fontaine-2538,2017-08-13
Lucia Yarrow,Quintrell Advisory,"Senior Manager, Engineering",https://www.linkedin.com/in/lucia-yarrow-9038,2016-08-14
Marisol Marchetti,Bellchamber Media,Principal Architect,https://www.linkedin.com/in/marisol-marchetti-3858,2019-01-28
Kwame Ashdown,Rooksby Legal,VP Enterprise Architecture,https://www.linkedin.com/in/kwame-ashdown-2811,2015-12-06
Ilse Achterberg,Garrowby Books,Chief Information Officer,https://www.linkedin.com/in/ilse-achterberg-1624,2016-09-18
Yusuf Zettergren,Ambrose Trading,Program Manager,https://www.linkedin.com/in/yusuf-zettergren-2583,2021-04-09
Tanvi Falkenrath,Underwood & Vale,Chief Technology Officer,https://www.linkedin.com/in/tanvi-falkenrath-9970,2021-12-19
Tilda Sandoval,Ambrose Trading,VP Enterprise Architecture,https://www.linkedin.com/in/tilda-sandoval-8911,2018-10-05
Mei Jarrold,Inglenook Bakery,Platform Lead,https://www.linkedin.com/in/mei-jarrold-4095,2016-03-24
Zaid Cathcart,Fairbourne Fitness,Program Manager,https://www.linkedin.com/in/zaid-cathcart-4365,2016-07-05
Ingrid Fontaine,Zenner Foods,Program Manager,,2024-06-24
Leandro Norrington,Elmsworth Tutors,Engineering Manager,https://www.linkedin.com/in/leandro-norrington-3310,2020-06-24
Coretta Eastcott,Bellchamber Media,Staff Engineer,https://www.linkedin.com/in/coretta-eastcott-8937,2016-07-07
Matteo Cardoso,Quintrell Advisory,Program Manager,https://www.linkedin.com/in/matteo-cardoso-8161,2024-05-12
·Joaquín Halloran,Ambrose Trading,Chief Information Officer,https://www.linkedin.com/in/joaquin-halloran-7066,2017-04-03
Liesel Fairweather,Fairbourne Fitness,Head of Innovation,https://www.linkedin.com/in/liesel-fairweather-3520,2022-07-05
Malik Cardoso,Tannerly Design,Chief Data Officer,https://www.linkedin.com/in/malik-cardoso-8860,2021-11-01
Lucia Ferreira,Rooksby Legal,Product Director,https://www.linkedin.com/in/lucia-ferreira-6671,2017-12-04
Rhys Wolstenholme,Zenner Foods,Product Director,https://www.linkedin.com/in/rhys-wolstenholme-8575,2016-01-13
Freya Okonkwo,Corbridge Realty,Engineering Manager,https://www.linkedin.com/in/freya-okonkwo-7089,2022-07-31
Coretta Bellinger,Redtree Foods,VP Data & Analytics,https://www.linkedin.com/in/coretta-bellinger-7016,2014-07-03
Rhys Bellinger,Zenner Foods,Director of Software Engineering,https://www.linkedin.com/in/rhys-bellinger-7541,2016-07-11
Rhys Underhill,Xanthe Labs,Director of Software Engineering,https://www.linkedin.com/in/rhys-underhill-2533,2019-09-08
·Joaquín Isenberg,Dunmowe Travel,Platform Lead,https://www.linkedin.com/in/joaquin-isenberg-5802,2024-03-17
Kofi Havercamp,Elmsworth Tutors,Platform Lead,https://www.linkedin.com/in/kofi-havercamp-6934,2025-01-31
Gideon Eastcott,Tannerly Design,Staff Engineer,https://www.linkedin.com/in/gideon-eastcott-9770,2018-08-23
Tanvi Eastcott,Ironvale Steel,Chief Data Officer,https://www.linkedin.com/in/tanvi-eastcott-4875,2027-07-04
Freya Havercamp,Hollowbrook Grocers,Staff Engineer,https://www.linkedin.com/in/freya-havercamp-7302,2022-05-16
Espen Norrington,Garrowby Books,Director of IT,https://www.linkedin.com/in/espen-norrington-5836,2021-07-17
Hugo Petrossian,Zenner Foods,Chief Operating Officer,https://www.linkedin.com/in/hugo-petrossian-4105,2020-12-28
Nadia Vasquez,Tannerly Design,Director of IT,https://www.linkedin.com/in/nadia-vasquez-2911,2021-10-18
Kwame Egerton,Ondermark Consulting,Director of IT,https://www.linkedin.com/in/kwame-egerton-5777,2020-06-18
Greta Fairweather,Elmsworth Tutors,VP Engineering,https://www.linkedin.com/in/greta-fairweather-5706,2017-08-30
Freya Mkhize,Tannerly Design,Platform Lead,,2016-07-01
Ravi Havercamp,Ondermark Consulting,Chief Information Officer,https://www.linkedin.com/in/ravi-havercamp-9898,2017-05-01
Niall Rushworth,Dunmowe Travel,Director of IT,https://www.linkedin.com/in/niall-rushworth-4853,2018-08-29
Casper Sandoval,Garrowby Books,Staff Engineer,https://www.linkedin.com/in/casper-sandoval-5408,2018-03-24
Anouk Marchetti,Underwood & Vale,"Senior Manager, Engineering",https://www.linkedin.com/in/anouk-marchetti-1709,2023-01-31
Coretta Cardoso,Garrowby Books,Chief Technology Officer,https://www.linkedin.com/in/coretta-cardoso-1816,2020-08-05
Tilda Kirkbride,Ondermark Consulting,Director of IT,https://www.linkedin.com/in/tilda-kirkbride-5510,2018-03-09
Odette Underhill,Garrowby Books,Platform Lead,https://www.linkedin.com/in/odette-underhill-2121,2025-02-07
Sunniva Wolstenholme,Tannerly Design,Program Manager,https://www.linkedin.com/in/sunniva-wolstenholme-9746,2021-01-31
Perrine Ibarra,Yardley Print,Head of Automation,https://www.linkedin.com/in/perrine-ibarra-9960,2022-10-25
Sabine Bellinger,Vespermill Analytics,Director of IT,https://www.linkedin.com/in/sabine-bellinger-1717,2024-01-28
Astrid Ferreira,Rooksby Legal,Director of IT,https://www.linkedin.com/in/astrid-ferreira-3323,2022-04-04
Elena Fontaine,Yardley Print,Head of Developer Productivity,https://www.linkedin.com/in/elena-fontaine-5122,2020-02-05
Elena Zettergren,Zenner Foods,Platform Lead,https://www.linkedin.com/in/elena-zettergren-8208,2017-01-29
·Joaquín Marchetti,Corbridge Realty,Head of Developer Productivity,,2021-01-17
Callum Drummond,Vespermill Analytics,VP Engineering,https://www.linkedin.com/in/callum-drummond-8963,2017-08-11
Sunniva Lomsadze,Rooksby Legal,VP Data & Analytics,https://www.linkedin.com/in/sunniva-lomsadze-1392,2017-03-07
Yusuf Salcedo,Ambrose Trading,"Senior Manager, Engineering",https://www.linkedin.com/in/yusuf-salcedo-3570,2019-11-26
Saoirse Isenberg,Whitlock Staffing,Head of Automation,https://www.linkedin.com/in/saoirse-isenberg-1642,2021-12-28
Marisol Hartigan,Pale Harbour Studio,Engineering Manager,https://www.linkedin.com/in/marisol-hartigan-1482,2019-09-16
Noor Vasquez,Elmsworth Tutors,"Senior Manager, Engineering",https://www.linkedin.com/in/noor-vasquez-6620,2019-05-24
Xiomara Oldfield,Underwood & Vale,Platform Lead,https://www.linkedin.com/in/xiomara-oldfield-6465,2023-12-28
Imani Marchetti,Xanthe Labs,Director of Software Engineering,https://www.linkedin.com/in/imani-marchetti-1681,2022-01-23
Ansel Dobrescu,Yardley Print,Platform Lead,https://www.linkedin.com/in/ansel-dobrescu-7032,2024-08-18
Bertrand Cardoso,Yarrowdale Media,Director of IT,https://www.linkedin.com/in/bertrand-cardoso-4637,2022-11-15
Desmond Egerton,Rooksby Legal,Head of Automation,https://www.linkedin.com/in/desmond-egerton-5027,2015-10-12
Desmond Isenberg,Bellchamber Media,"Senior Manager, Engineering",https://www.linkedin.com/in/desmond-isenberg-5779,2020-10-16
Imani Brenneman,Tannerly Design,Staff Engineer,https://www.linkedin.com/in/imani-brenneman-4174,2018-08-20
Fenella Grimsby,Corbridge Realty,"Senior Manager, Engineering",https://www.linkedin.com/in/fenella-grimsby-9733,2024-02-16
Leandro Petrossian,Rooksby Legal,Engineering Manager,https://www.linkedin.com/in/leandro-petrossian-7260,2024-06-12
Odette Isenberg,Whitlock Staffing,Staff Engineer,https://www.linkedin.com/in/odette-isenberg-7529,2021-08-28
Odette Kirkbride,Ambrose Trading,Program Manager,https://www.linkedin.com/in/odette-kirkbride-8522,2016-09-28
Yara Salcedo,Highmoor Cycles,Platform Lead,https://www.linkedin.com/in/yara-salcedo-3450,2023-05-21
Bertrand Kirkbride,Fairbourne Fitness,Head of Automation,https://www.linkedin.com/in/bertrand-kirkbride-1292,2024-05-24
Nadia Wolstenholme,Quintrell Advisory,"Senior Manager, Engineering",,2023-07-26
Hugo Wolstenholme,Rooksby Legal,Program Manager,https://www.linkedin.com/in/hugo-wolstenholme-8880,2016-03-26
Yusuf Ingleby,Whitlock Staffing,Staff Engineer,https://www.linkedin.com/in/yusuf-ingleby-4921,2017-04-02
Mei Lindqvist,Zenner Foods,VP Enterprise Architecture,https://www.linkedin.com/in/mei-lindqvist-9369,2025-04-25
Astrid Ibarra,Garrowby Books,Head of Innovation,https://www.linkedin.com/in/astrid-ibarra-3655,2025-03-07
Sloane Bellinger,Underwood & Vale,Staff Engineer,https://www.linkedin.com/in/sloane-bellinger-5358,2022-02-11
Niall Sandoval,Ondermark Consulting,Engineering Manager,https://www.linkedin.com/in/niall-sandoval-7499,2024-10-22
Amara Ashdown,Bellchamber Media,Platform Lead,https://www.linkedin.com/in/amara-ashdown-7554,2023-10-28
Wren Cathcart,Zenner Foods,VP Enterprise Architecture,https://www.linkedin.com/in/wren-cathcart-7214,2025-02-09
Owen Marchetti,Elmsworth Tutors,Product Director,https://www.linkedin.com/in/owen-marchetti-2057,2018-08-18
Odette Quillane,Rooksby Legal,Chief Digital Officer,https://www.linkedin.com/in/odette-quillane-6532,2022-12-08
Fenella Yarrow,Xanthe Labs,Director of Software Engineering,https://www.linkedin.com/in/fenella-yarrow-5249,2016-02-20
Perrine Lomsadze,Garrowby Books,Engineering Manager,https://www.linkedin.com/in/perrine-lomsadze-1733,2019-08-06
Wren Thackeray,Ambrose Trading,Principal Architect,https://www.linkedin.com/in/wren-thackeray-1740,2019-07-12
Bertrand Vasquez,Underwood & Vale,Product Director,https://www.linkedin.com/in/bertrand-vasquez-6084,2018-07-23
Lucia Lomsadze,Vespermill Analytics,Director of IT,https://www.linkedin.com/in/lucia-lomsadze-1834,2025-02-19
Rosalind Dellinger,Elmsworth Tutors,Chief Technology Officer,,2018-12-12
Yusuf Cathcart,Highmoor Cycles,Product Director,https://www.linkedin.com/in/yusuf-cathcart-8721,2024-02-17
Ravi Ibarra,Corbridge Realty,Head of Innovation,https://www.linkedin.com/in/ravi-ibarra-2644,2023-07-14
Imani Prendergast,Highmoor Cycles,SVP Digital,https://www.linkedin.com/in/imani-prendergast-4154,2024-09-10
Lucia Wolstenholme,Corbridge Realty,Head of Innovation,https://www.linkedin.com/in/lucia-wolstenholme-2884,2015-10-12
Silas Ibarra,Highmoor Cycles,Platform Lead,https://www.linkedin.com/in/silas-ibarra-8214,2022-05-22
Lucia Salcedo,Rooksby Legal,Principal Architect,https://www.linkedin.com/in/lucia-salcedo-6551,2025-05-08
Kwame Havercamp,Vespermill Analytics,Head of Automation,https://www.linkedin.com/in/kwame-havercamp-7622,2023-12-05
Arjun Lindqvist,Pale Harbour Studio,Program Manager,https://www.linkedin.com/in/arjun-lindqvist-4513,2019-12-11
Bram Ashdown,Highmoor Cycles,Head of Automation,https://www.linkedin.com/in/bram-ashdown-6349,2022-04-15
Zaid Fontaine,Nortonbury Logistics,Chief Operating Officer,https://www.linkedin.com/in/zaid-fontaine-2809,2024-11-24
Marisol Kirkbride,Bellchamber Media,Principal Architect,https://www.linkedin.com/in/marisol-kirkbride-4459,2017-08-24
Sunniva Ingleby,Quintrell Advisory,Head of Automation,https://www.linkedin.com/in/sunniva-ingleby-9511,2016-02-07
Arjun Højgaard,Dunmowe Travel,VP Enterprise Architecture,https://www.linkedin.com/in/arjun-hojgaard-4935,2019-05-14
Silas Dobrescu,Ambrose Trading,Head of Automation,https://www.linkedin.com/in/silas-dobrescu-8023,2023-04-08
Leandro Dobrescu,Rooksby Legal,Product Director,https://www.linkedin.com/in/leandro-dobrescu-4434,2018-12-31
Bertrand Cathcart,Bellchamber Media,Chief Operating Officer,https://www.linkedin.com/in/bertrand-cathcart-7644,2019-03-22
Rafael Sandoval,Underwood & Vale,Director of IT,https://www.linkedin.com/in/rafael-sandoval-4022,2021-08-03
Teodor Vasquez,Underwood & Vale,VP Engineering,https://www.linkedin.com/in/teodor-vasquez-7286,2023-10-16
Hana Dobrescu,Quintrell Advisory,Chief Operating Officer,https://www.linkedin.com/in/hana-dobrescu-3894,2018-04-28
Arjun Oldfield,Bellchamber Media,Chief Technology Officer,https://www.linkedin.com/in/arjun-oldfield-3996,2022-04-21
Saoirse Wolstenholme,Pale Harbour Studio,Program Manager,https://www.linkedin.com/in/saoirse-wolstenholme-4502,2016-07-09
Freya Egerton,Rooksby Legal,Principal Architect,https://www.linkedin.com/in/freya-egerton-8691,2022-12-18
Imani Underhill,Ambrose Trading,Engineering Manager,https://www.linkedin.com/in/imani-underhill-7928,2018-10-30
Devin Glückstein,Fairbourne Fitness,Engineering Manager,https://www.linkedin.com/in/devin-gluckstein-7618,2019-09-10
Silas Wexford,Underwood & Vale,Principal Architect,https://www.linkedin.com/in/silas-wexford-3671,2019-09-13
Idris Vandermolen,Ondermark Consulting,Program Manager,https://www.linkedin.com/in/idris-vandermolen-2692,2015-09-28
Hugo Hartigan,Quintrell Advisory,Head of Developer Productivity,https://www.linkedin.com/in/hugo-hartigan-7932,2019-08-17
Devin Ibarra,Xanthe Labs,Program Manager,https://www.linkedin.com/in/devin-ibarra-3372,2020-02-05
Owen Ashdown,Quintrell Advisory,Director of Software Engineering,https://www.linkedin.com/in/owen-ashdown-4742,2019-09-13
Leandro Wolstenholme,Inglenook Bakery,VP Engineering,https://www.linkedin.com/in/leandro-wolstenholme-7199,2025-02-11
·Joaquín Prendergast,Vespermill Analytics,"Senior Manager, Engineering",https://www.linkedin.com/in/joaquin-prendergast-7560,2022-08-05
Gideon Zettergren,Bellchamber Media,Chief Operating Officer,https://www.linkedin.com/in/gideon-zettergren-8518,2024-10-13
Owen Rushworth,Ondermark Consulting,Program Manager,https://www.linkedin.com/in/owen-rushworth-5061,2017-10-21
Bram Jarrold,Garrowby Books,"Senior Manager, Engineering",https://www.linkedin.com/in/bram-jarrold-6049,2019-01-17
Teodor Lindqvist,Ondermark Consulting,Product Director,https://www.linkedin.com/in/teodor-lindqvist-1279,2021-04-24
Elena Cathcart,Highmoor Cycles,Head of Automation,https://www.linkedin.com/in/elena-cathcart-5251,2019-08-02
Niall Isenberg,Pale Harbour Studio,Head of Developer Productivity,https://www.linkedin.com/in/niall-isenberg-3143,2023-12-07
Yusuf Wolstenholme,Bexley Bioworks,Chief Information Officer,https://www.linkedin.com/in/yusuf-wolstenholme-5343,2026-07-07
Desmond Højgaard,Quintrell Advisory,Staff Engineer,https://www.linkedin.com/in/desmond-hojgaard-9055,2021-09-20
Camille Bellinger,Garrowby Books,Head of Innovation,https://www.linkedin.com/in/camille-bellinger-5614,2018-02-04
Matteo Jarrold,Pale Harbour Studio,Staff Engineer,https://www.linkedin.com/in/matteo-jarrold-8354,2020-04-01
Dev Lomsadze,Rooksby Legal,Head of Developer Productivity,https://www.linkedin.com/in/dev-lomsadze-8035,2016-10-22
Ravi Ingleby,Yardley Print,Engineering Manager,https://www.linkedin.com/in/ravi-ingleby-1174,2022-11-19
Owen Jarrold,Rooksby Legal,VP Enterprise Architecture,https://www.linkedin.com/in/owen-jarrold-5039,2020-07-21
Casper Kirkbride,Rooksby Legal,Principal Architect,https://www.linkedin.com/in/casper-kirkbride-9663,2020-07-08
Niall Drummond,Whitlock Staffing,Principal Architect,https://www.linkedin.com/in/niall-drummond-8997,2016-11-04
Malik Halloran,Highmoor Cycles,Product Director,https://www.linkedin.com/in/malik-halloran-1070,2024-03-05
Dana Havercamp,Xanthe Labs,Director of Software Engineering,https://www.linkedin.com/in/dana-havercamp-7388,2023-06-09
Solveig Nakashima,Xanthe Labs,Director of IT,https://www.linkedin.com/in/solveig-nakashima-8659,2016-10-14
Curtis Havercamp,Quintrell Advisory,Director of Software Engineering,https://www.linkedin.com/in/curtis-havercamp-5314,2017-06-28
Hana Oyelaran,Rooksby Legal,Head of Developer Productivity,https://www.linkedin.com/in/hana-oyelaran-7362,2017-11-04
Duarte Eastcott,Elmsworth Tutors,Head of Automation,https://www.linkedin.com/in/duarte-eastcott-7144,2018-11-14
Dev Crowther,Highmoor Cycles,VP Engineering,https://www.linkedin.com/in/dev-crowther-3732,2019-01-07
Sunniva Achterberg,Elmsworth Tutors,Chief Data Officer,https://www.linkedin.com/in/sunniva-achterberg-5499,2023-09-04
Odette Merriweather,Xanthe Labs,Chief Digital Officer,https://www.linkedin.com/in/odette-merriweather-7549,2019-12-02
Leandro Isenberg,Zenner Foods,Head of Platform Engineering,https://www.linkedin.com/in/leandro-isenberg-2098,2021-06-24
Niall Prendergast,Garrowby Books,Head of Automation,https://www.linkedin.com/in/niall-prendergast-9503,2016-05-13
Gideon Prendergast,Pale Harbour Studio,VP Data & Analytics,https://www.linkedin.com/in/gideon-prendergast-3573,2016-06-07
Idris Dobrescu,Fairbourne Fitness,Principal Architect,https://www.linkedin.com/in/idris-dobrescu-5032,2016-12-26
Tilda Dobrescu,Zenner Foods,Head of Automation,https://www.linkedin.com/in/tilda-dobrescu-6325,2019-04-09
Imani Dellinger,Inglenook Bakery,Principal Architect,https://www.linkedin.com/in/imani-dellinger-4813,2020-12-30
Ravi Isenberg,Fairbourne Fitness,Head of Innovation,https://www.linkedin.com/in/ravi-isenberg-4636,2018-01-01
Marcus Ashdown,Pale Harbour Studio,Chief Operating Officer,https://www.linkedin.com/in/marcus-ashdown-7696,2016-01-29
Rosalind Ashdown,Rooksby Legal,Product Director,https://www.linkedin.com/in/rosalind-ashdown-3269,2021-05-12
Astrid Bellinger,Garrowby Books,Staff Engineer,,2022-05-05
Coretta Ingleby,Elmsworth Tutors,Program Manager,https://www.linkedin.com/in/coretta-ingleby-4355,2018-10-30
Owen Cathcart,Garrowby Books,Principal Architect,https://www.linkedin.com/in/owen-cathcart-2600,2025-06-08
Nadia Underhill,Highmoor Cycles,Product Director,https://www.linkedin.com/in/nadia-underhill-1643,2016-12-20
Yusuf Prendergast,Garrowby Books,Head of Innovation,https://www.linkedin.com/in/yusuf-prendergast-1065,2018-06-28
Wren Ashdown,Yardley Print,Head of Automation,https://www.linkedin.com/in/wren-ashdown-5761,2016-06-01
Freya Underhill,Bellchamber Media,Product Director,https://www.linkedin.com/in/freya-underhill-3894,2020-02-09
Tanvi Kettleborough,Underwood & Vale,"Senior Manager, Engineering",https://www.linkedin.com/in/tanvi-kettleborough-5963,2024-01-19
Hana Thackeray,Tannerly Design,Director of IT,https://www.linkedin.com/in/hana-thackeray-4894,2022-02-21
Kian Okonkwo,Quintrell Advisory,VP Data & Analytics,https://www.linkedin.com/in/kian-okonkwo-7077,2024-09-17
Perrine Crowther,Zenner Foods,Program Manager,https://www.linkedin.com/in/perrine-crowther-2668,2021-12-31
Sabine Lomsadze,Garrowby Books,Product Director,https://www.linkedin.com/in/sabine-lomsadze-1143,2022-11-08
Hugo Ibarra,Elmsworth Tutors,Platform Lead,https://www.linkedin.com/in/hugo-ibarra-3356,2018-01-17
Imani Cathcart,Ondermark Consulting,Staff Engineer,https://www.linkedin.com/in/imani-cathcart-2875,2023-08-17
Marcus Halloran,Xanthe Labs,Head of Automation,https://www.linkedin.com/in/marcus-halloran-3997,2022-02-17
Margot Nakashima,Ambrose Trading,Platform Lead,https://www.linkedin.com/in/margot-nakashima-5750,2023-12-15
Camille Vandermolen,Corbridge Realty,Staff Engineer,https://www.linkedin.com/in/camille-vandermolen-4435,2020-07-23
Kian Balogun,Tannerly Design,Program Manager,https://www.linkedin.com/in/kian-balogun-1895,2021-12-02
Saoirse Zubkov,Tannerly Design,Staff Engineer,https://www.linkedin.com/in/saoirse-zubkov-1542,2019-04-21
Kwame Dobrescu,Bellchamber Media,Head of Innovation,,2024-08-04
Emeka Oyelaran,Vespermill Analytics,"Senior Manager, Engineering",https://www.linkedin.com/in/emeka-oyelaran-9165,2021-07-14
Malik Dellinger,Rooksby Legal,Platform Lead,https://www.linkedin.com/in/malik-dellinger-6431,2016-03-13
Arjun Sandoval,Elmsworth Tutors,Chief Digital Officer,https://www.linkedin.com/in/arjun-sandoval-7987,2020-03-28
Curtis Mkhize,Ambrose Trading,Staff Engineer,https://www.linkedin.com/in/curtis-mkhize-6768,2016-04-13
Tanvi Bellinger,Rooksby Legal,Program Manager,https://www.linkedin.com/in/tanvi-bellinger-9388,2015-12-15
Nadia Lindqvist,Xanthe Labs,Director of IT,https://www.linkedin.com/in/nadia-lindqvist-6278,2018-07-30
Zaid Merriweather,Inglenook Bakery,Head of Innovation,https://www.linkedin.com/in/zaid-merriweather-4797,2022-08-14
Bo Balogun,Vespermill Analytics,Chief Technology Officer,https://www.linkedin.com/in/bo-balogun-3235,2023-11-01
Ravi Salcedo,Underwood & Vale,Head of Developer Productivity,https://www.linkedin.com/in/ravi-salcedo-1520,2025-06-21
Priya Fontaine,Ondermark Consulting,Chief Operating Officer,https://www.linkedin.com/in/priya-fontaine-9510,2019-02-04
Tilda Dellinger,Inglenook Bakery,Platform Lead,https://www.linkedin.com/in/tilda-dellinger-1940,2025-07-07
Curtis Fontaine,Highmoor Cycles,Director of IT,https://www.linkedin.com/in/curtis-fontaine-6839,2025-01-31
Ansel Zettergren,Zenner Foods,Chief Information Officer,https://www.linkedin.com/in/ansel-zettergren-1422,2016-04-08
Sloane Ferreira,Garrowby Books,Director of IT,https://www.linkedin.com/in/sloane-ferreira-2615,2019-12-13
Margot Merriweather,Dunmowe Travel,Platform Lead,https://www.linkedin.com/in/margot-merriweather-7545,2020-05-10
Kwame Sandoval,Ambrose Trading,Head of Innovation,https://www.linkedin.com/in/kwame-sandoval-9825,2023-09-03
Emeka Falkenrath,Whitlock Staffing,Chief Operating Officer,https://www.linkedin.com/in/emeka-falkenrath-3675,2025-02-07
Fenella Ibarra,Highmoor Cycles,Chief Operating Officer,https://www.linkedin.com/in/fenella-ibarra-5945,2016-09-09
Casper Mkhize,Underwood & Vale,Chief Technology Officer,https://www.linkedin.com/in/casper-mkhize-9253,2024-08-17
Niall Mkhize,Whitlock Staffing,Engineering Manager,https://www.linkedin.com/in/niall-mkhize-7871,2020-08-19
Duarte Prendergast,Vespermill Analytics,Head of Automation,https://www.linkedin.com/in/duarte-prendergast-8246,2021-05-22
Anouk Vasquez,Corbridge Realty,Chief Technology Officer,https://www.linkedin.com/in/anouk-vasquez-7924,2018-07-28
Coretta Cathcart,Highmoor Cycles,Principal Architect,https://www.linkedin.com/in/coretta-cathcart-5925,2019-10-12
Wren Oldfield,Bellchamber Media,VP Data & Analytics,https://www.linkedin.com/in/wren-oldfield-6636,2019-06-11
Solveig Wexford,Pale Harbour Studio,VP Engineering,https://www.linkedin.com/in/solveig-wexford-4558,2016-12-15
Curtis Crowther,Ondermark Consulting,Director of Software Engineering,https://www.linkedin.com/in/curtis-crowther-9605,2024-04-19
Freya Isenberg,Corbridge Realty,Director of IT,https://www.linkedin.com/in/freya-isenberg-2343,2019-10-05
Duarte Isenberg,Rooksby Legal,Program Manager,https://www.linkedin.com/in/duarte-isenberg-1323,2024-03-19
Ansel Drummond,Vespermill Analytics,Head of Innovation,https://www.linkedin.com/in/ansel-drummond-3586,2021-12-10
Curtis Eastcott,Underwood & Vale,SVP Digital,https://www.linkedin.com/in/curtis-eastcott-9012,2022-02-07
Ilse Fairweather,Whitlock Staffing,Staff Engineer,,2018-07-20
Idris Vasquez,Zenner Foods,Head of Innovation,https://www.linkedin.com/in/idris-vasquez-3546,2024-05-19
Hugo Marchetti,Highmoor Cycles,Program Manager,https://www.linkedin.com/in/hugo-marchetti-8238,2017-09-15
Mei Drummond,Bellchamber Media,SVP Digital,https://www.linkedin.com/in/mei-drummond-8352,2024-05-15
Rhys Vasquez,Xanthe Labs,Chief Operating Officer,https://www.linkedin.com/in/rhys-vasquez-2930,2020-02-26
Desmond Drummond,Ambrose Trading,Platform Lead,https://www.linkedin.com/in/desmond-drummond-6583,2023-05-30
Devin Lindqvist,Tannerly Design,Engineering Manager,https://www.linkedin.com/in/devin-lindqvist-5521,2024-07-04
Idris Merriweather,Underwood & Vale,Director of Software Engineering,https://www.linkedin.com/in/idris-merriweather-2845,2016-08-02
Silas Okonkwo,Whitlock Staffing,Director of IT,https://www.linkedin.com/in/silas-okonkwo-3871,2016-11-17
·Joaquín Vasquez,Highmoor Cycles,Principal Architect,https://www.linkedin.com/in/joaquin-vasquez-1596,2024-04-05
Dev Oyelaran,Vespermill Analytics,Chief Digital Officer,https://www.linkedin.com/in/dev-oyelaran-2084,2019-09-27
Teodor Kirkbride,Zenner Foods,Platform Lead,https://www.linkedin.com/in/teodor-kirkbride-9688,2024-03-16
Perrine Falkenrath,Quintrell Advisory,Platform Lead,https://www.linkedin.com/in/perrine-falkenrath-5893,2023-05-05
Leandro Thackeray,Pale Harbour Studio,Platform Lead,https://www.linkedin.com/in/leandro-thackeray-4800,2022-02-06
Dana Bellinger,Yardley Print,Program Manager,https://www.linkedin.com/in/dana-bellinger-9016,2016-03-07
Gideon Brenneman,Fairbourne Fitness,VP Data & Analytics,https://www.linkedin.com/in/gideon-brenneman-3639,2018-10-21
Imani Cardoso,Vespermill Analytics,Staff Engineer,https://www.linkedin.com/in/imani-cardoso-1328,2015-11-20
Bertrand Isenberg,Zenner Foods,"Senior Manager, Engineering",https://www.linkedin.com/in/bertrand-isenberg-4265,2020-04-18
Dana Sandoval,Pale Harbour Studio,Staff Engineer,https://www.linkedin.com/in/dana-sandoval-1724,2025-07-16
Dana Rushworth,Elmsworth Tutors,Director of Software Engineering,https://www.linkedin.com/in/dana-rushworth-9464,2022-01-09
Astrid Lomsadze,Fairbourne Fitness,Head of Automation,https://www.linkedin.com/in/astrid-lomsadze-2057,2018-10-10
Kwame Thackeray,Corbridge Realty,Head of Innovation,https://www.linkedin.com/in/kwame-thackeray-9818,2022-08-28
Arjun Merriweather,Ondermark Consulting,VP Data & Analytics,https://www.linkedin.com/in/arjun-merriweather-1130,2016-05-23
Emeka Brenneman,Dunmowe Travel,Chief Digital Officer,https://www.linkedin.com/in/emeka-brenneman-8507,2023-09-03
Camille Oldfield,Ondermark Consulting,Director of IT,,2021-01-21
Dana Thackeray,Xanthe Labs,Program Manager,https://www.linkedin.com/in/dana-thackeray-9098,2022-09-16
Devin Mkhize,Rooksby Legal,Program Manager,https://www.linkedin.com/in/devin-mkhize-4298,2024-07-26
Otto Bellinger,Underwood & Vale,Head of Innovation,https://www.linkedin.com/in/otto-bellinger-5473,2020-05-18
Dana Ingleby,Highmoor Cycles,Staff Engineer,https://www.linkedin.com/in/dana-ingleby-6216,2018-03-03
Dev Marchetti,Quintrell Advisory,Head of Innovation,https://www.linkedin.com/in/dev-marchetti-6867,2015-11-20
Bo Grimsby,Rooksby Legal,Chief Information Officer,https://www.linkedin.com/in/bo-grimsby-3294,2022-06-06
Dev Balogun,Ondermark Consulting,Chief Information Officer,https://www.linkedin.com/in/dev-balogun-9198,2021-06-25
Teodor Eastcott,Tannerly Design,"Senior Manager, Engineering",https://www.linkedin.com/in/teodor-eastcott-1976,2021-09-22
Odette Crowther,Rooksby Legal,Head of Automation,https://www.linkedin.com/in/odette-crowther-9936,2020-05-04
Curtis Quillane,Vespermill Analytics,Director of IT,,2024-05-18
Gideon Zubkov,Fairbourne Fitness,Engineering Manager,https://www.linkedin.com/in/gideon-zubkov-9999,2021-11-19
Kofi Cardoso,Pale Harbour Studio,Head of Automation,https://www.linkedin.com/in/kofi-cardoso-3873,2016-06-06
Gideon Hartigan,Fairbourne Fitness,Head of Innovation,https://www.linkedin.com/in/gideon-hartigan-3989,2022-03-18
Astrid Hartigan,Fairbourne Fitness,"Senior Manager, Engineering",https://www.linkedin.com/in/astrid-hartigan-6664,2025-02-11
Renata Zubkov,Bellchamber Media,VP Enterprise Architecture,https://www.linkedin.com/in/renata-zubkov-6755,2020-03-27
Ingrid Achterberg,Whitlock Staffing,Staff Engineer,https://www.linkedin.com/in/ingrid-achterberg-5385,2021-07-26
Wren Cardoso,Whitlock Staffing,Head of Automation,https://www.linkedin.com/in/wren-cardoso-4390,2022-12-24
Ansel Brenneman,Elmsworth Tutors,Director of Software Engineering,https://www.linkedin.com/in/ansel-brenneman-6359,2019-10-12
Ravi Glückstein,Bellchamber Media,VP Engineering,https://www.linkedin.com/in/ravi-gluckstein-1563,2017-02-19
Noor Ingleby,Whitlock Staffing,Program Manager,https://www.linkedin.com/in/noor-ingleby-4187,2020-03-31
Ingrid Rushworth,Ondermark Consulting,Product Director,https://www.linkedin.com/in/ingrid-rushworth-3310,2018-12-29
Lucia Kettleborough,Ambrose Trading,Principal Architect,https://www.linkedin.com/in/lucia-kettleborough-5344,2017-10-25
Dana Egerton,Inglenook Bakery,Director of IT,https://www.linkedin.com/in/dana-egerton-7695,2021-03-14
Silas Halloran,Tannerly Design,Staff Engineer,https://www.linkedin.com/in/silas-halloran-1957,2021-04-08
Imani Nakashima,Ambrose Trading,Head of Automation,https://www.linkedin.com/in/imani-nakashima-6682,2018-08-13
Casper Ibarra,Highmoor Cycles,VP Engineering,https://www.linkedin.com/in/casper-ibarra-1986,2017-07-07
Bo Brenneman,Zenner Foods,Platform Lead,https://www.linkedin.com/in/bo-brenneman-7463,2019-01-19
Solveig Hartigan,Inglenook Bakery,Product Director,https://www.linkedin.com/in/solveig-hartigan-6379,2020-02-19
Teodor Glückstein,Bellchamber Media,Program Manager,https://www.linkedin.com/in/teodor-gluckstein-5134,2025-01-07
Casper Bellinger,Quillon Pharma,VP Enterprise Architecture,https://www.linkedin.com/in/casper-bellinger-6150,2015-11-21
Freya Lindqvist,Quintrell Advisory,Principal Architect,https://www.linkedin.com/in/freya-lindqvist-6604,2023-07-09
Callum Yarrow,Tannerly Design,Chief Information Officer,https://www.linkedin.com/in/callum-yarrow-2396,2020-01-27
Marisol Achterberg,Zenner Foods,Head of Innovation,https://www.linkedin.com/in/marisol-achterberg-2880,2019-05-19
Rafael Zubkov,Quintrell Advisory,Chief Digital Officer,https://www.linkedin.com/in/rafael-zubkov-8564,2023-09-10
Bo Dellinger,Bellchamber Media,"Senior Manager, Engineering",https://www.linkedin.com/in/bo-dellinger-6940,2025-01-09
Renata Vandermolen,Pale Harbour Studio,Product Director,https://www.linkedin.com/in/renata-vandermolen-3354,2015-10-12
·Joaquín Salcedo,Inglenook Bakery,Director of IT,https://www.linkedin.com/in/joaquin-salcedo-9571,2022-05-19
Leandro Wexford,Fairbourne Fitness,Head of Innovation,https://www.linkedin.com/in/leandro-wexford-9298,2023-09-16
Espen Yarrow,Vespermill Analytics,Platform Lead,https://www.linkedin.com/in/espen-yarrow-3458,2022-03-21
Coretta Halloran,Pale Harbour Studio,Program Manager,https://www.linkedin.com/in/coretta-halloran-3269,2024-06-30
Hana Kettleborough,Tannerly Design,Platform Lead,https://www.linkedin.com/in/hana-kettleborough-1086,2023-05-27
Zaid Drummond,Bellchamber Media,Director of IT,https://www.linkedin.com/in/zaid-drummond-8456,2024-06-23
Kian Ashdown,Tannerly Design,SVP Digital,https://www.linkedin.com/in/kian-ashdown-1017,2015-11-23
Hana Norrington,Pale Harbour Studio,Engineering Manager,https://www.linkedin.com/in/hana-norrington-7830,2023-11-28
Ilse Højgaard,Elmsworth Tutors,Chief Data Officer,https://www.linkedin.com/in/ilse-hojgaard-5622,2016-04-17
Ingrid Lomsadze,Tannerly Design,"Senior Manager, Engineering",https://www.linkedin.com/in/ingrid-lomsadze-6348,2025-05-27
Greta Zettergren,Whitlock Staffing,Director of IT,https://www.linkedin.com/in/greta-zettergren-7892,2022-06-20
Fenella Sandoval,Underwood & Vale,Principal Architect,https://www.linkedin.com/in/fenella-sandoval-7042,2024-09-06
Ingrid Isenberg,Whitlock Staffing,Director of IT,https://www.linkedin.com/in/ingrid-isenberg-4757,2016-10-30
Priya Okonkwo,Dunmowe Travel,Platform Lead,,2018-04-19
Arjun Hartigan,Pale Harbour Studio,"Senior Manager, Engineering",https://www.linkedin.com/in/arjun-hartigan-3594,2023-01-17
Lucia Mkhize,Tannerly Design,Chief Data Officer,https://www.linkedin.com/in/lucia-mkhize-9933,2024-08-06
Sabine Zettergren,Inglenook Bakery,Chief Digital Officer,https://www.linkedin.com/in/sabine-zettergren-3727,2023-10-07
Malik Okonkwo,Bellchamber Media,VP Engineering,https://www.linkedin.com/in/malik-okonkwo-1434,2024-01-29
Callum Wexford,Ondermark Consulting,"Senior Manager, Engineering",,2021-05-27
Kian Yarrow,Vespermill Analytics,Platform Lead,https://www.linkedin.com/in/kian-yarrow-6985,2024-09-02
Tomás Nakashima,Garrowby Books,Principal Architect,https://www.linkedin.com/in/tomas-nakashima-6432,2021-06-12
Ingrid Merriweather,Inglenook Bakery,Staff Engineer,https://www.linkedin.com/in/ingrid-merriweather-9770,2019-11-03
Ingrid Vasquez,Rooksby Legal,Engineering Manager,https://www.linkedin.com/in/ingrid-vasquez-2104,2017-01-04
Ravi Falkenrath,Elmsworth Tutors,Chief Digital Officer,https://www.linkedin.com/in/ravi-falkenrath-1860,2015-09-25
Noor Bellinger,Ambrose Trading,Chief Information Officer,https://www.linkedin.com/in/noor-bellinger-1219,2024-05-23
Silas Wolstenholme,Highmoor Cycles,Principal Architect,https://www.linkedin.com/in/silas-wolstenholme-2923,2019-08-20
Espen Egerton,Elmsworth Tutors,Head of Automation,https://www.linkedin.com/in/espen-egerton-6818,2019-03-15
Casper Lomsadze,Ondermark Consulting,Product Director,https://www.linkedin.com/in/casper-lomsadze-4945,2016-05-16
Imani Crowther,Dunmowe Travel,Product Director,https://www.linkedin.com/in/imani-crowther-6063,2024-04-04
Fenella Egerton,Xanthe Labs,Head of Innovation,https://www.linkedin.com/in/fenella-egerton-5431,2018-04-16
Gideon Vandermolen,Vespermill Analytics,Chief Data Officer,https://www.linkedin.com/in/gideon-vandermolen-5908,2018-06-17
Hana Fontaine,Whitlock Staffing,Engineering Manager,https://www.linkedin.com/in/hana-fontaine-9272,2017-07-16
Callum Brenneman,Inglenook Bakery,Staff Engineer,,2017-06-06
Solveig Havercamp,Inglenook Bakery,VP Data & Analytics,,2017-02-06
Hana Vandermolen,Underwood & Vale,Product Director,https://www.linkedin.com/in/hana-vandermolen-3273,2016-01-11
Amara Højgaard,Underwood & Vale,"Senior Manager, Engineering",https://www.linkedin.com/in/amara-hojgaard-3508,2017-03-12
·Joaquín Ibarra,Garrowby Books,Product Director,https://www.linkedin.com/in/joaquin-ibarra-3701,2024-11-16
Renata Lomsadze,Garrowby Books,Platform Lead,https://www.linkedin.com/in/renata-lomsadze-7865,2018-12-11
Margot Eastcott,Underwood & Vale,Product Director,https://www.linkedin.com/in/margot-eastcott-3526,2023-05-23
Fenella Zettergren,Corbridge Realty,Chief Technology Officer,https://www.linkedin.com/in/fenella-zettergren-1592,2016-08-29
Marcus Yarrow,Inglenook Bakery,Chief Information Officer,https://www.linkedin.com/in/marcus-yarrow-5313,2018-11-13
Zaid Isenberg,Tannerly Design,Head of Innovation,,2022-12-27
Kofi Ferreira,Bellchamber Media,Director of IT,https://www.linkedin.com/in/kofi-ferreira-1707,2019-08-11
Perrine Sandoval,Bellchamber Media,Principal Architect,https://www.linkedin.com/in/perrine-sandoval-2972,2018-08-30
Ilse Oldfield,Ambrose Trading,Head of Innovation,https://www.linkedin.com/in/ilse-oldfield-3973,2020-07-25
Hugo Okonkwo,Highmoor Cycles,Head of Innovation,,2020-05-13
Odette Wexford,Ambrose Trading,SVP Digital,https://www.linkedin.com/in/odette-wexford-5735,2017-08-29
Imani Egerton,Highmoor Cycles,Product Director,https://www.linkedin.com/in/imani-egerton-4105,2021-11-20
Yusuf Quillane,Rooksby Legal,"Senior Manager, Engineering",https://www.linkedin.com/in/yusuf-quillane-7394,2022-03-14
Ilse Zubkov,Ambrose Trading,Head of Innovation,https://www.linkedin.com/in/ilse-zubkov-1614,2024-05-28
Solveig Oyelaran,Ondermark Consulting,Staff Engineer,https://www.linkedin.com/in/solveig-oyelaran-4024,2016-02-08
Greta Eastcott,Corbridge Realty,Principal Architect,https://www.linkedin.com/in/greta-eastcott-1908,2016-08-25
Anouk Sandoval,Inglenook Bakery,"Senior Manager, Engineering",https://www.linkedin.com/in/anouk-sandoval-4443,2021-09-22
Renata Okonkwo,Bellchamber Media,"Senior Manager, Engineering",https://www.linkedin.com/in/renata-okonkwo-4484,2017-02-17
Rosalind Rushworth,Elmsworth Tutors,Engineering Manager,https://www.linkedin.com/in/rosalind-rushworth-7912,2019-09-20
Imani Eastcott,Quintrell Advisory,Staff Engineer,https://www.linkedin.com/in/imani-eastcott-8831,2023-03-02
Odette Lomsadze,Tannerly Design,"Senior Manager, Engineering",https://www.linkedin.com/in/odette-lomsadze-4964,2017-10-09
Amara Wexford,Xanthe Labs,Director of Software Engineering,https://www.linkedin.com/in/amara-wexford-6237,2015-12-02
Margot Wexford,Garrowby Books,Head of Innovation,https://www.linkedin.com/in/margot-wexford-4501,2024-07-15
Mei Balogun,Highmoor Cycles,Principal Architect,https://www.linkedin.com/in/mei-balogun-5437,2024-04-15
Curtis Fairweather,Vespermill Analytics,Director of IT,https://www.linkedin.com/in/curtis-fairweather-7437,2016-07-24
Ilse Ferreira,Garrowby Books,Head of Automation,https://www.linkedin.com/in/ilse-ferreira-5205,2020-12-29
Idris Oyelaran,Whitlock Staffing,Chief Technology Officer,https://www.linkedin.com/in/idris-oyelaran-3055,2015-12-22
Rafael Drummond,Pale Harbour Studio,Head of Innovation,https://www.linkedin.com/in/rafael-drummond-5385,2019-09-29
Gideon Oldfield,Underwood & Vale,Staff Engineer,https://www.linkedin.com/in/gideon-oldfield-6181,2022-09-01
Desmond Glückstein,Xanthe Labs,Head of Developer Productivity,https://www.linkedin.com/in/desmond-gluckstein-1725,2021-07-30
Ilse Merriweather,Rooksby Legal,"Senior Manager, Engineering",https://www.linkedin.com/in/ilse-merriweather-3393,2021-12-22
Fenella Ingleby,Underwood & Vale,Product Director,https://www.linkedin.com/in/fenella-ingleby-9244,2021-06-22
Kian Vandermolen,Vespermill Analytics,Staff Engineer,https://www.linkedin.com/in/kian-vandermolen-2268,2016-04-04
Silas Zubkov,Yardley Print,Head of Automation,https://www.linkedin.com/in/silas-zubkov-7384,2017-03-17
Amara Nakashima,Fairbourne Fitness,Chief Data Officer,https://www.linkedin.com/in/amara-nakashima-6519,2024-07-26
Sabine Balogun,Pale Harbour Studio,Head of Innovation,https://www.linkedin.com/in/sabine-balogun-1902,2016-06-20
Rhys Isenberg,Corbridge Realty,Chief Operating Officer,https://www.linkedin.com/in/rhys-isenberg-4654,2017-03-22
Xiomara Glückstein,Inglenook Bakery,Staff Engineer,https://www.linkedin.com/in/xiomara-gluckstein-5512,2015-10-09
·Joaquín Petrossian,Quintrell Advisory,"Senior Manager, Engineering",https://www.linkedin.com/in/joaquin-petrossian-4909,2019-12-13
Emeka Grimsby,Dunmowe Travel,Head of Automation,https://www.linkedin.com/in/emeka-grimsby-7149,2019-11-29
Devin Sandoval,Fairbourne Fitness,Head of Automation,https://www.linkedin.com/in/devin-sandoval-5366,2019-05-15
Bram Falkenrath,Xanthe Labs,Head of Automation,https://www.linkedin.com/in/bram-falkenrath-2973,2016-08-07
Nadia Salcedo,Elmsworth Tutors,Chief Operating Officer,https://www.linkedin.com/in/nadia-salcedo-7392,2024-02-05
Marisol Fontaine,Dunmowe Travel,Engineering Manager,https://www.linkedin.com/in/marisol-fontaine-6456,2020-09-15
Duarte Kettleborough,Quintrell Advisory,Principal Architect,https://www.linkedin.com/in/duarte-kettleborough-7628,2023-04-23
Fenella Wolstenholme,Bellchamber Media,Chief Information Officer,https://www.linkedin.com/in/fenella-wolstenholme-1817,2023-11-21
Desmond Cathcart,Ambrose Trading,Staff Engineer,https://www.linkedin.com/in/desmond-cathcart-8749,2023-09-07
·Joaquín Wexford,Highmoor Cycles,VP Engineering,https://www.linkedin.com/in/joaquin-wexford-6821,2017-03-01
Camille Nakashima,Quintrell Advisory,SVP Digital,https://www.linkedin.com/in/camille-nakashima-4993,2024-10-30
Rosalind Yarrow,Elmsworth Tutors,Chief Data Officer,https://www.linkedin.com/in/rosalind-yarrow-2970,2022-08-01
Priya Falkenrath,Fairbourne Fitness,Platform Lead,,2024-05-30
Owen Havercamp,Bellchamber Media,Head of Developer Productivity,https://www.linkedin.com/in/owen-havercamp-9906,2021-11-26
Renata Mkhize,Highmoor Cycles,Director of Software Engineering,https://www.linkedin.com/in/renata-mkhize-2391,2023-10-30
Kofi Falkenrath,Inglenook Bakery,Engineering Manager,https://www.linkedin.com/in/kofi-falkenrath-3818,2023-12-21
Sunniva Balogun,Dunmowe Travel,"Senior Manager, Engineering",https://www.linkedin.com/in/sunniva-balogun-8260,2022-02-28
Duarte Vasquez,Fairbourne Fitness,Staff Engineer,https://www.linkedin.com/in/duarte-vasquez-4294,2023-07-25
Lucia Cathcart,Tannerly Design,Engineering Manager,https://www.linkedin.com/in/lucia-cathcart-8435,2019-10-06
Niall Merriweather,Dunmowe Travel,Head of Innovation,https://www.linkedin.com/in/niall-merriweather-1368,2022-12-17
Desmond Vandermolen,Ambrose Trading,Head of Platform Engineering,https://www.linkedin.com/in/desmond-vandermolen-2713,2019-07-04
Callum Oyelaran,Ondermark Consulting,Director of IT,,2021-11-04
Mei Ashdown,Bellchamber Media,Chief Digital Officer,https://www.linkedin.com/in/mei-ashdown-1164,2016-07-27
Kofi Kirkbride,Elmsworth Tutors,Chief Digital Officer,https://www.linkedin.com/in/kofi-kirkbride-6064,2019-03-10
Greta Brenneman,Corbridge Realty,Principal Architect,https://www.linkedin.com/in/greta-brenneman-4361,2023-10-14
Ansel Marchetti,Yardley Print,Chief Operating Officer,https://www.linkedin.com/in/ansel-marchetti-6223,2022-11-21
Lucia Fontaine,Rooksby Legal,Head of Automation,https://www.linkedin.com/in/lucia-fontaine-2837,2015-11-07
Bo Zubkov,Highmoor Cycles,Program Manager,https://www.linkedin.com/in/bo-zubkov-2957,2024-04-08
Sabine Halloran,Whitlock Staffing,Engineering Manager,https://www.linkedin.com/in/sabine-halloran-5162,2023-02-02
Margot Halloran,Xanthe Labs,"Senior Manager, Engineering",https://www.linkedin.com/in/margot-halloran-7291,2016-09-26
Odette Oyelaran,Tannerly Design,Head of Automation,https://www.linkedin.com/in/odette-oyelaran-1217,2016-05-20
Marcus Wolstenholme,Ondermark Consulting,Platform Lead,https://www.linkedin.com/in/marcus-wolstenholme-3319,2021-11-05
Yara Dobrescu,Dunmowe Travel,Product Director,,2022-06-04
Tomás Hartigan,Dunmowe Travel,Chief Information Officer,https://www.linkedin.com/in/tomas-hartigan-3299,2023-02-12
Casper Drummond,Garrowby Books,Staff Engineer,https://www.linkedin.com/in/casper-drummond-3958,2021-08-18
Gideon Glückstein,Inglenook Bakery,Head of Platform Engineering,https://www.linkedin.com/in/gideon-gluckstein-5395,2019-08-21
Malik Salcedo,Corbridge Realty,Head of Platform Engineering,https://www.linkedin.com/in/malik-salcedo-5729,2020-09-24
Mei Merriweather,Bellchamber Media,Head of Innovation,https://www.linkedin.com/in/mei-merriweather-7080,2016-11-13
Greta Petrossian,Cobalt Lane Capital Markets,Head of Automation,https://www.linkedin.com/in/greta-petrossian-3464,2023-11-21
Hugo Cathcart,Corbridge Realty,Director of Software Engineering,https://www.linkedin.com/in/hugo-cathcart-3239,2021-05-24
Nadia Bellinger,Elmsworth Tutors,Head of Innovation,https://www.linkedin.com/in/nadia-bellinger-9280,2018-01-12
Arjun Ingleby,Vespermill Analytics,VP Engineering,https://www.linkedin.com/in/arjun-ingleby-4706,2022-03-01
Ilse Havercamp,Tannerly Design,VP Data & Analytics,https://www.linkedin.com/in/ilse-havercamp-6417,2023-10-03
Perrine Lindqvist,Dunmowe Travel,Staff Engineer,https://www.linkedin.com/in/perrine-lindqvist-5886,2017-08-12
Solveig Ingleby,Highmoor Cycles,Engineering Manager,,2021-02-03
Ravi Oldfield,Highmoor Cycles,"Senior Manager, Engineering",https://www.linkedin.com/in/ravi-oldfield-2670,2017-06-25
Perrine Marchetti,Inglenook Bakery,Program Manager,https://www.linkedin.com/in/perrine-marchetti-2828,2021-01-02
Zaid Okonkwo,Pale Harbour Studio,VP Enterprise Architecture,https://www.linkedin.com/in/zaid-okonkwo-4297,2024-04-08
Fenella Ferreira,Garrowby Books,Staff Engineer,https://www.linkedin.com/in/fenella-ferreira-7741,2019-10-10
Duarte Havercamp,Pale Harbour Studio,Head of Platform Engineering,https://www.linkedin.com/in/duarte-havercamp-2970,2020-05-17
Amara Thackeray,Harrowgate Health,Chief Operating Officer,https://www.linkedin.com/in/amara-thackeray-1011,2018-10-25
Dana Drummond,Elmsworth Tutors,Engineering Manager,https://www.linkedin.com/in/dana-drummond-7276,2025-01-16
Kian Mkhize,Ambrose Trading,Platform Lead,https://www.linkedin.com/in/kian-mkhize-5310,2017-10-14
Saoirse Fairweather,Inglenook Bakery,"Senior Manager, Engineering",https://www.linkedin.com/in/saoirse-fairweather-4527,2024-06-24
Dev Oldfield,Yardley Print,Head of Automation,https://www.linkedin.com/in/dev-oldfield-4307,2022-04-20
Niall Brenneman,Whitlock Staffing,Program Manager,https://www.linkedin.com/in/niall-brenneman-5310,2017-05-05
Elena Bellinger,Zenner Foods,Product Director,https://www.linkedin.com/in/elena-bellinger-8389,2023-03-21
Anouk Ingleby,Fairbourne Fitness,Staff Engineer,https://www.linkedin.com/in/anouk-ingleby-4177,2019-07-14
Sloane Quillane,Yardley Print,Director of IT,https://www.linkedin.com/in/sloane-quillane-9081,2020-10-07
Rosalind Okonkwo,Fairbourne Fitness,Program Manager,https://www.linkedin.com/in/rosalind-okonkwo-4049,2021-12-16
·Joaquín Mkhize,Rooksby Legal,"Senior Manager, Engineering",https://www.linkedin.com/in/joaquin-mkhize-5936,2015-12-24
Renata Drummond,Ambrose Trading,VP Data & Analytics,https://www.linkedin.com/in/renata-drummond-1240,2021-08-18
Otto Zettergren,Highmoor Cycles,Head of Innovation,https://www.linkedin.com/in/otto-zettergren-3181,2022-05-17
Owen Dellinger,Zenner Foods,Chief Data Officer,https://www.linkedin.com/in/owen-dellinger-8657,2019-05-18
Kwame Merriweather,Ambrose Trading,Chief Information Officer,https://www.linkedin.com/in/kwame-merriweather-9708,2019-04-15
Bertrand Crowther,Inglenook Bakery,Principal Architect,https://www.linkedin.com/in/bertrand-crowther-9362,2020-04-02
Noor Højgaard,Dunmowe Travel,Program Manager,https://www.linkedin.com/in/noor-hojgaard-7914,2019-08-11
Rosalind Crowther,Tannerly Design,Staff Engineer,https://www.linkedin.com/in/rosalind-crowther-7180,2023-08-20
Ravi Sandoval,Ambrose Trading,VP Engineering,https://www.linkedin.com/in/ravi-sandoval-9188,2015-11-06
Noor Thackeray,Quintrell Advisory,Head of Automation,https://www.linkedin.com/in/noor-thackeray-7774,2019-09-19
Camille Lindqvist,Fairbourne Fitness,Chief Information Officer,https://www.linkedin.com/in/camille-lindqvist-9492,2015-12-01
Yusuf Drummond,Quintrell Advisory,Chief Information Officer,https://www.linkedin.com/in/yusuf-drummond-2041,2018-10-14
Callum Falkenrath,Inglenook Bakery,Product Director,https://www.linkedin.com/in/callum-falkenrath-3995,2017-11-13
Emeka Glückstein,Ambrose Trading,VP Data & Analytics,https://www.linkedin.com/in/emeka-gluckstein-6462,2023-07-22
Callum Quillane,Quintrell Advisory,Head of Developer Productivity,https://www.linkedin.com/in/callum-quillane-7437,2021-12-06
Nadia Fontaine,Corbridge Realty,Head of Innovation,https://www.linkedin.com/in/nadia-fontaine-1330,2023-12-04
Idris Lomsadze,Garrowby Books,Platform Lead,https://www.linkedin.com/in/idris-lomsadze-2727,2025-02-17
Imani Merriweather,Tannerly Design,Program Manager,https://www.linkedin.com/in/imani-merriweather-4145,2023-03-21
Emeka Yarrow,Whitlock Staffing,Program Manager,https://www.linkedin.com/in/emeka-yarrow-1363,2021-04-04
Tanvi Ferreira,Ondermark Consulting,Head of Developer Productivity,https://www.linkedin.com/in/tanvi-ferreira-8043,2020-06-19
Arjun Fairweather,Tannerly Design,Director of IT,https://www.linkedin.com/in/arjun-fairweather-4104,2022-07-24
Leandro Grimsby,Ambrose Trading,Principal Architect,https://www.linkedin.com/in/leandro-grimsby-1405,2025-06-08
Noor Mkhize,Inglenook Bakery,Principal Architect,https://www.linkedin.com/in/noor-mkhize-3228,2022-09-09
Hana Eastcott,Pale Harbour Studio,Program Manager,https://www.linkedin.com/in/hana-eastcott-9616,2019-05-03
Otto Fairweather,Inglenook Bakery,Staff Engineer,https://www.linkedin.com/in/otto-fairweather-4589,2017-01-15
Perrine Kettleborough,Ambrose Trading,Engineering Manager,https://www.linkedin.com/in/perrine-kettleborough-5991,2019-11-13
Desmond Eastcott,Corbridge Realty,Platform Lead,https://www.linkedin.com/in/desmond-eastcott-6068,2019-09-08
Yusuf Ibarra,Tannerly Design,Staff Engineer,https://www.linkedin.com/in/yusuf-ibarra-6226,2024-02-15
Kwame Marchetti,Fairbourne Fitness,"Senior Manager, Engineering",https://www.linkedin.com/in/kwame-marchetti-6249,2017-08-23
Ilse Cathcart,Fairbourne Fitness,Product Director,https://www.linkedin.com/in/ilse-cathcart-6176,2016-05-17
Xiomara Havercamp,Whitlock Staffing,Head of Innovation,https://www.linkedin.com/in/xiomara-havercamp-4111,2019-02-14
Leandro Quillane,Corbridge Realty,Chief Digital Officer,https://www.linkedin.com/in/leandro-quillane-5708,2016-04-10
Kofi Fontaine,Elmsworth Tutors,Head of Developer Productivity,https://www.linkedin.com/in/kofi-fontaine-9662,2024-07-15
Amara Kirkbride,Ondermark Consulting,Platform Lead,https://www.linkedin.com/in/amara-kirkbride-8888,2019-08-14
Yara Lindqvist,Elmsworth Tutors,Principal Architect,https://www.linkedin.com/in/yara-lindqvist-3509,2024-10-01
Mei Grimsby,Yardley Print,VP Engineering,https://www.linkedin.com/in/mei-grimsby-6627,2020-11-29
Wren Yarrow,Ambrose Trading,Engineering Manager,https://www.linkedin.com/in/wren-yarrow-4482,2019-11-28
Sloane Egerton,Zenner Foods,Director of IT,https://www.linkedin.com/in/sloane-egerton-9110,2022-01-05
Noor Cardoso,Rooksby Legal,Product Director,https://www.linkedin.com/in/noor-cardoso-9876,2021-09-11
Niall Fontaine,Yardley Print,Principal Architect,https://www.linkedin.com/in/niall-fontaine-8542,2016-09-22
Kwame Vasquez,Tannerly Design,Head of Developer Productivity,https://www.linkedin.com/in/kwame-vasquez-6081,2021-07-13
Dev Drummond,Tannerly Design,Product Director,https://www.linkedin.com/in/dev-drummond-9813,2019-09-24
Callum Okonkwo,Whitlock Staffing,Director of IT,https://www.linkedin.com/in/callum-okonkwo-2667,2020-04-25
Gideon Marchetti,Yardley Print,Director of Software Engineering,https://www.linkedin.com/in/gideon-marchetti-7916,2021-08-05
Rhys Sandoval,Xanthe Labs,"Senior Manager, Engineering",https://www.linkedin.com/in/rhys-sandoval-2164,2020-09-06
Bertrand Achterberg,Rooksby Legal,"Senior Manager, Engineering",https://www.linkedin.com/in/bertrand-achterberg-4357,2021-10-22
·Joaquín Thackeray,Garrowby Books,Head of Automation,https://www.linkedin.com/in/joaquin-thackeray-2633,2023-05-13
Curtis Underhill,Tannerly Design,Staff Engineer,https://www.linkedin.com/in/curtis-underhill-7560,2024-03-07
·Joaquín Rushworth,Bellchamber Media,Director of IT,https://www.linkedin.com/in/joaquin-rushworth-8509,2024-08-16
Espen Jarrold,Yardley Print,Head of Innovation,https://www.linkedin.com/in/espen-jarrold-5335,2015-10-24
Lucia Prendergast,Xanthe Labs,Head of Automation,https://www.linkedin.com/in/lucia-prendergast-5011,2019-11-16
Nadia Cardoso,Yardley Print,Head of Innovation,https://www.linkedin.com/in/nadia-cardoso-7576,2022-06-15
Ilse Isenberg,Vespermill Analytics,Head of Platform Engineering,https://www.linkedin.com/in/ilse-isenberg-9032,2017-08-25
Noor Ashdown,Highmoor Cycles,Product Director,https://www.linkedin.com/in/noor-ashdown-6369,2018-08-17
Ingrid Vandermolen,Rooksby Legal,Program Manager,https://www.linkedin.com/in/ingrid-vandermolen-6242,2023-05-05
Idris Cathcart,Elmsworth Tutors,VP Enterprise Architecture,https://www.linkedin.com/in/idris-cathcart-8025,2019-03-18
Otto Prendergast,Vespermill Analytics,Head of Innovation,https://www.linkedin.com/in/otto-prendergast-8068,2019-11-28
Kian Dellinger,Ondermark Consulting,Product Director,https://www.linkedin.com/in/kian-dellinger-3075,2019-03-16
Nadia Zettergren,Garrowby Books,"Senior Manager, Engineering",https://www.linkedin.com/in/nadia-zettergren-9894,2015-12-28
Ingrid Lindqvist,Highmoor Cycles,Chief Technology Officer,https://www.linkedin.com/in/ingrid-lindqvist-1736,2019-07-23
Emeka Egerton,Yardley Print,Engineering Manager,https://www.linkedin.com/in/emeka-egerton-1079,2023-08-12
Amara Hartigan,Underwood & Vale,Staff Engineer,https://www.linkedin.com/in/amara-hartigan-8740,2018-10-17
Marcus Kirkbride,Tannerly Design,Staff Engineer,https://www.linkedin.com/in/marcus-kirkbride-5218,2019-01-18
Imani Oyelaran,Ondermark Consulting,Director of IT,https://www.linkedin.com/in/imani-oyelaran-1090,2022-03-22
Priya Egerton,Quintrell Advisory,SVP Digital,https://www.linkedin.com/in/priya-egerton-8721,2022-07-03
Yara Oldfield,Fairbourne Fitness,Head of Automation,https://www.linkedin.com/in/yara-oldfield-4760,2022-01-18
Nadia Norrington,Corbridge Realty,Head of Developer Productivity,https://www.linkedin.com/in/nadia-norrington-1813,2021-06-13
Nadia Jarrold,Fairbourne Fitness,Chief Data Officer,https://www.linkedin.com/in/nadia-jarrold-8020,2018-05-14
Teodor Isenberg,Elmsworth Tutors,SVP Digital,https://www.linkedin.com/in/teodor-isenberg-7298,2018-08-19
Solveig Balogun,Zenner Foods,"Senior Manager, Engineering",https://www.linkedin.com/in/solveig-balogun-2745,2018-12-05
Dev Lindqvist,Tannerly Design,Engineering Manager,https://www.linkedin.com/in/dev-lindqvist-3620,2021-08-25
Ilse Rushworth,Highmoor Cycles,Chief Information Officer,https://www.linkedin.com/in/ilse-rushworth-1062,2016-03-06
Kian Oyelaran,Ondermark Consulting,Staff Engineer,https://www.linkedin.com/in/kian-oyelaran-6418,2018-09-26
Liesel Kirkbride,Rooksby Legal,Principal Architect,https://www.linkedin.com/in/liesel-kirkbride-9417,2022-12-27
Ansel Quillane,Underwood & Vale,Chief Data Officer,https://www.linkedin.com/in/ansel-quillane-2262,2021-02-14
Odette Halloran,Xanthe Labs,VP Enterprise Architecture,https://www.linkedin.com/in/odette-halloran-2927,2022-03-03
Kian Achterberg,Corbridge Realty,Director of Software Engineering,https://www.linkedin.com/in/kian-achterberg-6785,2021-02-24
Duarte Rushworth,Fairbourne Fitness,Engineering Manager,https://www.linkedin.com/in/duarte-rushworth-2411,2017-03-30
Amara Oldfield,Dunmowe Travel,Engineering Manager,,2025-02-04
Matteo Halloran,Quintrell Advisory,Head of Innovation,https://www.linkedin.com/in/matteo-halloran-9023,2021-05-31
Callum Mkhize,Yardley Print,Director of IT,https://www.linkedin.com/in/callum-mkhize-5399,2021-09-07
Dev Sandoval,Inglenook Bakery,Principal Architect,https://www.linkedin.com/in/dev-sandoval-2560,2025-03-23
Sloane Havercamp,Garrowby Books,Director of IT,https://www.linkedin.com/in/sloane-havercamp-6655,2023-09-22
Espen Vandermolen,Pale Harbour Studio,Program Manager,https://www.linkedin.com/in/espen-vandermolen-2393,2021-10-12
Marcus Lindqvist,Elmsworth Tutors,VP Engineering,https://www.linkedin.com/in/marcus-lindqvist-7160,2016-05-21
Sabine Hartigan,Zenner Foods,SVP Digital,https://www.linkedin.com/in/sabine-hartigan-3848,2018-11-01
Sabine Ashdown,Inglenook Bakery,SVP Digital,https://www.linkedin.com/in/sabine-ashdown-5186,2019-02-03
Owen Ingleby,Yardley Print,Engineering Manager,https://www.linkedin.com/in/owen-ingleby-1478,2023-01-10
Odette Drummond,Vespermill Analytics,Chief Technology Officer,https://www.linkedin.com/in/odette-drummond-3983,2021-06-27
Curtis Falkenrath,Corbridge Realty,Director of IT,https://www.linkedin.com/in/curtis-falkenrath-9634,2023-04-19
Rhys Fairweather,Highmoor Cycles,Head of Automation,https://www.linkedin.com/in/rhys-fairweather-1496,2023-02-11
Espen Oyelaran,Bellchamber Media,Engineering Manager,https://www.linkedin.com/in/espen-oyelaran-4680,2024-04-23
Tilda Højgaard,Elmsworth Tutors,Chief Data Officer,https://www.linkedin.com/in/tilda-hojgaard-2431,2018-11-09
Priya Dellinger,Underwood & Vale,Platform Lead,https://www.linkedin.com/in/priya-dellinger-2330,2021-10-06
Camille Egerton,Corbridge Realty,Head of Innovation,https://www.linkedin.com/in/camille-egerton-8766,2019-06-16
Callum Kirkbride,Ondermark Consulting,Program Manager,https://www.linkedin.com/in/callum-kirkbride-2049,2023-10-09
Amara Marchetti,Underwood & Vale,Head of Platform Engineering,,2019-02-22
Callum Rushworth,Zenner Foods,SVP Digital,https://www.linkedin.com/in/callum-rushworth-3647,2016-10-24
Bertrand Merriweather,Corbridge Realty,Head of Developer Productivity,https://www.linkedin.com/in/bertrand-merriweather-2202,2022-09-12
Amara Salcedo,Rooksby Legal,Chief Technology Officer,https://www.linkedin.com/in/amara-salcedo-4878,2023-03-05
Renata Dobrescu,Garrowby Books,Director of Software Engineering,https://www.linkedin.com/in/renata-dobrescu-6603,2020-09-28
Imani Wexford,Fairbourne Fitness,Product Director,https://www.linkedin.com/in/imani-wexford-2789,2016-12-01
Emeka Isenberg,Corbridge Realty,Platform Lead,https://www.linkedin.com/in/emeka-isenberg-8138,2021-03-13
Camille Glückstein,Whitlock Staffing,Program Manager,https://www.linkedin.com/in/camille-gluckstein-3645,2020-03-06
Elena Jarrold,Elmsworth Tutors,Chief Digital Officer,https://www.linkedin.com/in/elena-jarrold-2827,2024-05-02
Casper Falkenrath,Quintrell Advisory,Engineering Manager,https://www.linkedin.com/in/casper-falkenrath-7388,2022-11-05
Gideon Salcedo,Dunmowe Travel,VP Data & Analytics,https://www.linkedin.com/in/gideon-salcedo-1965,2024-09-27
Xiomara Grimsby,Underwood & Vale,Director of Software Engineering,https://www.linkedin.com/in/xiomara-grimsby-2980,2016-09-30
Arjun Havercamp,Inglenook Bakery,Chief Operating Officer,https://www.linkedin.com/in/arjun-havercamp-3655,2016-04-18
Rafael Zettergren,Highmoor Cycles,Head of Developer Productivity,https://www.linkedin.com/in/rafael-zettergren-3546,2024-03-18
Coretta Vandermolen,Ondermark Consulting,Program Manager,https://www.linkedin.com/in/coretta-vandermolen-2856,2019-12-02
Xiomara Fairweather,Garrowby Books,Platform Lead,https://www.linkedin.com/in/xiomara-fairweather-8448,2022-01-29
Dev Dobrescu,Yardley Print,Engineering Manager,,2021-02-02
Hana Ingleby,Vespermill Analytics,"Senior Manager, Engineering",https://www.linkedin.com/in/hana-ingleby-3180,2023-08-13
Saoirse Bellinger,Bellchamber Media,Program Manager,https://www.linkedin.com/in/saoirse-bellinger-7791,2021-05-04
Gideon Rushworth,Rooksby Legal,Chief Technology Officer,https://www.linkedin.com/in/gideon-rushworth-4392,2023-09-22
Nadia Hartigan,Yardley Print,VP Enterprise Architecture,https://www.linkedin.com/in/nadia-hartigan-4777,2025-02-09
Bertrand Oldfield,Inglenook Bakery,Principal Architect,,2024-11-26
Ingrid Dobrescu,Highmoor Cycles,Product Director,https://www.linkedin.com/in/ingrid-dobrescu-8012,2016-02-23
Priya Cardoso,Dunmowe Travel,Chief Technology Officer,https://www.linkedin.com/in/priya-cardoso-8095,2016-08-16
Sabine Mkhize,Elmsworth Tutors,Staff Engineer,https://www.linkedin.com/in/sabine-mkhize-9585,2019-05-13
Zaid Brenneman,Fairbourne Fitness,Platform Lead,https://www.linkedin.com/in/zaid-brenneman-7482,2020-12-20
Leandro Oyelaran,Garrowby Books,Head of Automation,https://www.linkedin.com/in/leandro-oyelaran-2773,2016-10-15
Imani Fairweather,Inglenook Bakery,VP Engineering,https://www.linkedin.com/in/imani-fairweather-8176,2019-09-12
Mei Dobrescu,Tessellate Payments,Engineering Manager,https://www.linkedin.com/in/mei-dobrescu-5933,2021-04-17
Fenella Quillane,Quintrell Advisory,VP Enterprise Architecture,https://www.linkedin.com/in/fenella-quillane-4637,2016-11-23
Yusuf Grimsby,Ambrose Trading,VP Enterprise Architecture,https://www.linkedin.com/in/yusuf-grimsby-7165,2019-12-20
Ravi Zettergren,Fairbourne Fitness,VP Data & Analytics,https://www.linkedin.com/in/ravi-zettergren-1539,2025-01-24
Tanvi Havercamp,Fairbourne Fitness,Director of IT,https://www.linkedin.com/in/tanvi-havercamp-4768,2021-12-27
Amara Kettleborough,Dunmowe Travel,Product Director,https://www.linkedin.com/in/amara-kettleborough-3500,2025-04-24
Silas Grimsby,Elmsworth Tutors,Head of Automation,https://www.linkedin.com/in/silas-grimsby-1723,2022-12-08
Tanvi Oldfield,Vespermill Analytics,Staff Engineer,https://www.linkedin.com/in/tanvi-oldfield-2687,2017-10-31
Margot Rushworth,Zenner Foods,Head of Developer Productivity,,2017-08-08
Teodor Dobrescu,Tannerly Design,Product Director,https://www.linkedin.com/in/teodor-dobrescu-6906,2018-07-18
Ilse Mkhize,Tessellate Payments,VP Data & Analytics,https://www.linkedin.com/in/ilse-mkhize-2035,2016-10-11
Hugo Rushworth,Quintrell Advisory,Head of Developer Productivity,https://www.linkedin.com/in/hugo-rushworth-3680,2020-02-11
Camille Ibarra,Whitlock Staffing,"Senior Manager, Engineering",https://www.linkedin.com/in/camille-ibarra-1970,2021-10-01
Priya Zubkov,Whitlock Staffing,Platform Lead,https://www.linkedin.com/in/priya-zubkov-5410,2020-12-24
Liesel Thackeray,Underwood & Vale,Chief Digital Officer,https://www.linkedin.com/in/liesel-thackeray-5501,2025-06-06
·Joaquín Norrington,Tannerly Design,"Senior Manager, Engineering",https://www.linkedin.com/in/joaquin-norrington-8470,2020-03-04
Sunniva Wexford,Elmsworth Tutors,Principal Architect,https://www.linkedin.com/in/sunniva-wexford-4151,2019-05-14
Espen Balogun,Dunmowe Travel,Principal Architect,https://www.linkedin.com/in/espen-balogun-7548,2021-04-14
Anouk Eastcott,Corbridge Realty,Engineering Manager,https://www.linkedin.com/in/anouk-eastcott-1720,2025-03-03
Bram Achterberg,Inglenook Bakery,VP Data & Analytics,https://www.linkedin.com/in/bram-achterberg-6713,2016-09-07
Freya Lomsadze,Bellchamber Media,Product Director,https://www.linkedin.com/in/freya-lomsadze-8131,2024-08-27
Leandro Falkenrath,Rooksby Legal,VP Engineering,https://www.linkedin.com/in/leandro-falkenrath-3261,2024-02-03
Owen Egerton,Whitlock Staffing,Program Manager,https://www.linkedin.com/in/owen-egerton-2331,2017-10-18
Wren Nakashima,Tannerly Design,VP Data & Analytics,https://www.linkedin.com/in/wren-nakashima-6144,2022-08-01
Yara Bellinger,Whitlock Staffing,Platform Lead,https://www.linkedin.com/in/yara-bellinger-6527,2022-09-18
Liesel Balogun,Highmoor Cycles,Program Manager,https://www.linkedin.com/in/liesel-balogun-8702,2023-04-28
Gideon Crowther,Bellchamber Media,"Senior Manager, Engineering",https://www.linkedin.com/in/gideon-crowther-4137,2018-07-04
Odette Marchetti,Garrowby Books,Head of Innovation,https://www.linkedin.com/in/odette-marchetti-9413,2020-01-20
Anouk Kettleborough,Pale Harbour Studio,Chief Information Officer,https://www.linkedin.com/in/anouk-kettleborough-7228,2016-07-24
Curtis Petrossian,Dunmowe Travel,"Senior Manager, Engineering",https://www.linkedin.com/in/curtis-petrossian-4473,2018-09-15
Malik Ibarra,Vespermill Analytics,Product Director,https://www.linkedin.com/in/malik-ibarra-5421,2022-10-01
Elena Underhill,Dunmowe Travel,Chief Operating Officer,https://www.linkedin.com/in/elena-underhill-8764,2018-03-11
Astrid Ashdown,Garrowby Books,Engineering Manager,https://www.linkedin.com/in/astrid-ashdown-7632,2021-04-27
Zaid Ingleby,Xanthe Labs,Director of IT,https://www.linkedin.com/in/zaid-ingleby-7838,2024-08-15
Leandro Havercamp,Ondermark Consulting,Chief Technology Officer,https://www.linkedin.com/in/leandro-havercamp-2849,2018-02-04
Astrid Mkhize,Rooksby Legal,Product Director,https://www.linkedin.com/in/astrid-mkhize-9507,2016-04-13
Matteo Brenneman,Dunmowe Travel,Engineering Manager,https://www.linkedin.com/in/matteo-brenneman-6903,2020-04-15
Camille Cathcart,Garrowby Books,VP Engineering,https://www.linkedin.com/in/camille-cathcart-1783,2019-05-05
Anouk Havercamp,Vespermill Analytics,Program Manager,https://www.linkedin.com/in/anouk-havercamp-4310,2019-03-26
Otto Norrington,Corbridge Realty,Engineering Manager,https://www.linkedin.com/in/otto-norrington-5378,2019-02-12
Curtis Merriweather,Ambrose Trading,Director of IT,https://www.linkedin.com/in/curtis-merriweather-3996,2018-03-01
Tomás Højgaard,Vespermill Analytics,Platform Lead,,2018-06-04
Silas Brenneman,Xanthe Labs,VP Engineering,https://www.linkedin.com/in/silas-brenneman-3514,2021-06-15
Ravi Oyelaran,Vespermill Analytics,Engineering Manager,https://www.linkedin.com/in/ravi-oyelaran-1506,2016-12-14
Hugo Brenneman,Ambrose Trading,VP Data & Analytics,https://www.linkedin.com/in/hugo-brenneman-5700,2019-03-28
Yara Petrossian,Tannerly Design,Head of Innovation,https://www.linkedin.com/in/yara-petrossian-6677,2018-11-26
Kwame Kirkbride,Rooksby Legal,Staff Engineer,https://www.linkedin.com/in/kwame-kirkbride-1362,2021-03-17
Emeka Okonkwo,Corbridge Realty,Principal Architect,https://www.linkedin.com/in/emeka-okonkwo-1464,2019-12-08
Fenella Brenneman,Ondermark Consulting,Program Manager,https://www.linkedin.com/in/fenella-brenneman-7587,2021-11-15
Liesel Rushworth,Zenner Foods,Chief Information Officer,https://www.linkedin.com/in/liesel-rushworth-5005,2019-12-28
Dana Cathcart,Dunmowe Travel,Principal Architect,https://www.linkedin.com/in/dana-cathcart-5251,2021-08-18
Owen Okonkwo,Inglenook Bakery,Product Director,https://www.linkedin.com/in/owen-okonkwo-1097,2024-03-31
Teodor Prendergast,Rooksby Legal,Director of Software Engineering,https://www.linkedin.com/in/teodor-prendergast-1531,2020-11-10
Saoirse Falkenrath,Vespermill Analytics,Head of Innovation,https://www.linkedin.com/in/saoirse-falkenrath-9115,2021-09-25
Sloane Eastcott,Whitlock Staffing,Director of Software Engineering,https://www.linkedin.com/in/sloane-eastcott-1991,2020-03-05
Dev Kirkbride,Corbridge Realty,Platform Lead,https://www.linkedin.com/in/dev-kirkbride-2608,2023-08-28
Tomás Ferreira,Ironvale Steel,VP Enterprise Architecture,https://www.linkedin.com/in/tomas-ferreira-1145,2017-06-21
Amara Quillane,Whitlock Staffing,Head of Automation,https://www.linkedin.com/in/amara-quillane-7306,2025-02-01
Marisol Lindqvist,Pale Harbour Studio,Head of Developer Productivity,https://www.linkedin.com/in/marisol-lindqvist-5557,2016-02-23
Dev Glückstein,Corbridge Realty,VP Data & Analytics,https://www.linkedin.com/in/dev-gluckstein-2561,2019-03-31
Coretta Rushworth,Tannerly Design,Principal Architect,,2018-11-09
Marcus Ibarra,Tannerly Design,Principal Architect,https://www.linkedin.com/in/marcus-ibarra-9739,2025-07-31
Freya Højgaard,Zenner Foods,Staff Engineer,https://www.linkedin.com/in/freya-hojgaard-1596,2018-06-11
Curtis Lomsadze,Whitlock Staffing,VP Engineering,https://www.linkedin.com/in/curtis-lomsadze-6392,2017-04-02
Tilda Fontaine,Dunmowe Travel,Head of Innovation,https://www.linkedin.com/in/tilda-fontaine-7200,2020-01-14
Elena Mkhize,Fairbourne Fitness,Principal Architect,https://www.linkedin.com/in/elena-mkhize-4854,2020-06-07
Wren Isenberg,Dunmowe Travel,Platform Lead,https://www.linkedin.com/in/wren-isenberg-2664,2019-05-31
Sabine Rushworth,Rooksby Legal,Product Director,https://www.linkedin.com/in/sabine-rushworth-8799,2020-03-08
Wren Zubkov,Dunmowe Travel,VP Engineering,https://www.linkedin.com/in/wren-zubkov-5173,2020-04-27
Ilse Wolstenholme,Highmoor Cycles,Head of Innovation,https://www.linkedin.com/in/ilse-wolstenholme-1301,2018-03-09
Dana Okonkwo,Xanthe Labs,Staff Engineer,https://www.linkedin.com/in/dana-okonkwo-4048,2017-01-03
Niall Vandermolen,Tannerly Design,VP Data & Analytics,https://www.linkedin.com/in/niall-vandermolen-8573,2019-01-15
Nadia Falkenrath,Highmoor Cycles,VP Engineering,https://www.linkedin.com/in/nadia-falkenrath-8243,2017-09-26
Ilse Bellinger,Vespermill Analytics,VP Engineering,https://www.linkedin.com/in/ilse-bellinger-5554,2025-04-21
Curtis Dobrescu,Rooksby Legal,Program Manager,https://www.linkedin.com/in/curtis-dobrescu-9547,2016-01-25
Idris Oldfield,Inglenook Bakery,Chief Technology Officer,https://www.linkedin.com/in/idris-oldfield-7902,2023-10-06
Xiomara Jarrold,Bellchamber Media,Head of Developer Productivity,https://www.linkedin.com/in/xiomara-jarrold-8738,2023-09-24
Priya Fairweather,Gravenhurst Motors,Head of Platform Engineering,https://www.linkedin.com/in/priya-fairweather-1682,2016-11-20
Matteo Okonkwo,Fairbourne Fitness,Head of Platform Engineering,https://www.linkedin.com/in/matteo-okonkwo-5980,2018-02-28
Malik Wexford,Vespermill Analytics,Chief Technology Officer,https://www.linkedin.com/in/malik-wexford-8462,2021-08-29
Freya Cathcart,Elmsworth Tutors,Head of Platform Engineering,https://www.linkedin.com/in/freya-cathcart-2803,2018-02-06
Saoirse Vasquez,Rooksby Legal,Chief Data Officer,https://www.linkedin.com/in/saoirse-vasquez-6289,2020-05-30
Dev Achterberg,Quintrell Advisory,VP Enterprise Architecture,https://www.linkedin.com/in/dev-achterberg-8071,2024-01-30
Elena Wolstenholme,Ondermark Consulting,Platform Lead,https://www.linkedin.com/in/elena-wolstenholme-6509,2021-05-15
Saoirse Petrossian,Dunmowe Travel,Staff Engineer,https://www.linkedin.com/in/saoirse-petrossian-6651,2020-11-11
Kwame Lomsadze,Quintrell Advisory,Staff Engineer,https://www.linkedin.com/in/kwame-lomsadze-8064,2020-08-12
Silas Prendergast,Whitlock Staffing,Chief Information Officer,https://www.linkedin.com/in/silas-prendergast-2551,2018-11-19
Emeka Achterberg,Whitlock Staffing,Product Director,https://www.linkedin.com/in/emeka-achterberg-4738,2021-03-28
Callum Lindqvist,Dunmowe Travel,Head of Innovation,https://www.linkedin.com/in/callum-lindqvist-7358,2020-06-19
Bram Ferreira,Underwood & Vale,Director of IT,https://www.linkedin.com/in/bram-ferreira-7079,2025-07-24
Saoirse Cathcart,Tannerly Design,Head of Automation,https://www.linkedin.com/in/saoirse-cathcart-9312,2021-09-10
Nadia Nakashima,Quintrell Advisory,SVP Digital,https://www.linkedin.com/in/nadia-nakashima-3444,2019-09-04
Amara Vandermolen,Zenner Foods,Director of IT,https://www.linkedin.com/in/amara-vandermolen-5754,2015-11-30
Malik Egerton,Bexley Bioworks,Chief Digital Officer,https://www.linkedin.com/in/malik-egerton-7432,2021-07-21
Arjun Nakashima,Quintrell Advisory,Director of IT,https://www.linkedin.com/in/arjun-nakashima-4526,2025-02-20
Dana Norrington,Inglenook Bakery,Engineering Manager,https://www.linkedin.com/in/dana-norrington-8939,2021-07-28
Sunniva Mkhize,Zenner Foods,Program Manager,https://www.linkedin.com/in/sunniva-mkhize-3054,2023-10-07
Rafael Crowther,Underwood & Vale,VP Data & Analytics,https://www.linkedin.com/in/rafael-crowther-1612,2023-04-07
Mei Lomsadze,Garrowby Books,"Senior Manager, Engineering",https://www.linkedin.com/in/mei-lomsadze-8568,2019-06-08
Fenella Halloran,Elmsworth Tutors,Head of Innovation,https://www.linkedin.com/in/fenella-halloran-5816,2016-12-04
Coretta Egerton,Yardley Print,"Senior Manager, Engineering",,2018-03-10
Casper Salcedo,Quintrell Advisory,Platform Lead,https://www.linkedin.com/in/casper-salcedo-2960,2022-04-18
Hugo Kettleborough,Pale Harbour Studio,Program Manager,https://www.linkedin.com/in/hugo-kettleborough-6869,2017-11-04
Malik Kettleborough,Yardley Print,Engineering Manager,https://www.linkedin.com/in/malik-kettleborough-9025,2021-10-22
Devin Wolstenholme,Garrowby Books,Head of Platform Engineering,https://www.linkedin.com/in/devin-wolstenholme-4809,2020-02-20
Sloane Norrington,Xanthe Labs,Program Manager,https://www.linkedin.com/in/sloane-norrington-9566,2017-04-12
Perrine Oldfield,Inglenook Bakery,Program Manager,https://www.linkedin.com/in/perrine-oldfield-6943,2024-05-08
Ansel Nakashima,Whitlock Staffing,Program Manager,https://www.linkedin.com/in/ansel-nakashima-4881,2016-06-01
Duarte Quillane,Inglenook Bakery,Product Director,https://www.linkedin.com/in/duarte-quillane-7519,2018-07-05
Camille Norrington,Ondermark Consulting,Product Director,https://www.linkedin.com/in/camille-norrington-6643,2017-01-25
Duarte Zettergren,Bellchamber Media,"Senior Manager, Engineering",https://www.linkedin.com/in/duarte-zettergren-4875,2021-01-22
Nadia Thackeray,Vespermill Analytics,Staff Engineer,https://www.linkedin.com/in/nadia-thackeray-9523,2016-05-22
Curtis Cathcart,Dunmowe Travel,SVP Digital,https://www.linkedin.com/in/curtis-cathcart-1351,2025-03-19
Rhys Norrington,Yardley Print,Head of Innovation,https://www.linkedin.com/in/rhys-norrington-7586,2016-05-17
Astrid Cathcart,Inglenook Bakery,Principal Architect,https://www.linkedin.com/in/astrid-cathcart-4201,2022-12-17
Sunniva Crowther,Pale Harbour Studio,Program Manager,https://www.linkedin.com/in/sunniva-crowther-5684,2022-08-02
Kofi Sandoval,Bellchamber Media,Chief Technology Officer,https://www.linkedin.com/in/kofi-sandoval-8520,2020-05-29
Rosalind Zettergren,Ondermark Consulting,Staff Engineer,https://www.linkedin.com/in/rosalind-zettergren-2615,2025-04-19
Ilse Lomsadze,Tannerly Design,Engineering Manager,,2019-01-22
Arjun Isenberg,Quintrell Advisory,Head of Automation,https://www.linkedin.com/in/arjun-isenberg-1926,2018-01-16
Odette Fontaine,Highmoor Cycles,Head of Innovation,https://www.linkedin.com/in/odette-fontaine-1915,2020-07-31
Kwame Glückstein,Xanthe Labs,Product Director,https://www.linkedin.com/in/kwame-gluckstein-7987,2019-04-18
Leandro Halloran,Highmoor Cycles,Principal Architect,https://www.linkedin.com/in/leandro-halloran-4043,2023-06-12
Bo Wexford,Vespermill Analytics,Head of Automation,https://www.linkedin.com/in/bo-wexford-6632,2018-05-11
Dana Achterberg,Corbridge Realty,"Senior Manager, Engineering",,2016-06-28
Teodor Ferreira,Corbridge Realty,Platform Lead,https://www.linkedin.com/in/teodor-ferreira-4392,2021-12-11
Ingrid Ashdown,Ambrose Trading,VP Engineering,https://www.linkedin.com/in/ingrid-ashdown-7977,2017-09-09
Bram Isenberg,Fairbourne Fitness,Engineering Manager,https://www.linkedin.com/in/bram-isenberg-9739,2023-07-07
Dev Ingleby,Meridian Peak Foods,Head of Platform Engineering,https://www.linkedin.com/in/dev-ingleby-1191,2024-11-02
Saoirse Quillane,Kingsmere Retail Group,VP Data & Analytics,https://www.linkedin.com/in/saoirse-quillane-1557,2021-10-27
Dev Okonkwo,Garrowby Books,Director of IT,https://www.linkedin.com/in/dev-okonkwo-1830,2020-11-04
Curtis Oyelaran,Whitlock Staffing,Platform Lead,https://www.linkedin.com/in/curtis-oyelaran-7028,2017-07-09
Idris Nakashima,Rooksby Legal,Head of Platform Engineering,https://www.linkedin.com/in/idris-nakashima-4473,2023-05-05
