account_name,domain,owner,stage,source,blocked_requests,requested_value_usd
Calderon Aerospace,,Rafael Salcedo,Prospect,Halyard intro requests,1,80000
Copperline Water,,Imani Mkhize,Prospect,Halyard intro requests,0,0
Kingsmere Retail Group,,Nadia Okonkwo,Prospect,Halyard intro requests,7,3580000
Marrow Point Airways,,Rafael Salcedo,Prospect,Halyard intro requests,4,4700000
Quintrell Advisory,,Imani Fairweather,Prospect,Halyard intro requests,1,150000
Redtree Foods,redtreefoods.com,Curtis Hartigan,Prospect,Halyard intro requests,4,3100000
Vespermill Analytics,,Sloane Nakashima,Prospect,Halyard intro requests,1,250000
Vireo Systems,vireosystems.com,Nadia Okonkwo,Prospect,Halyard intro requests,5,3980000
Xanthe Labs,,Rafael Petrossian,Prospect,Halyard intro requests,1,750000
